Workbook

Sheet Instructions
B1: Tip Pool Calculator - How To Use
B3: 1. Paste your Time Card Report
B4: Open the 'Time Card Data' tab. Delete any old data below row 1, then paste your new report starting at cell A2, keeping the exact same columns as your system export (Name, Role, Pay rate, Date, Time in, Time out, Regular Hours, Overtime, Double Overtime, Weekly Overtime, Paid Breaks hours, UnPaid Breaks hours, Total Hours, Net Sale, Tips, Gratuity). Do not paste over columns Q onward - those are calculated automatically.
B5: 2. Set up your Settings tab
B6: Go to the 'Settings' tab. Set the Pay Period Start Date to the first date in your report (the year is taken from this date). Choose the Tip Distribution Method: Percentage, Points, or Equally. Then fill in the Role table: for every Role that appears in your time card, say whether it Contributes to the pool, by what method (% of Sales or % of Tips) and what %, whether it Receives from the pool, and its Distribution % (Percentage method) or Points per Hour (Points method).
B7: 3. Everything else calculates automatically
B8: The 'Time Card Data' tab calculates, for every shift: the contribution to the pool, the tips the employee keeps directly, and the pool amount they receive back - based only on who actually worked that specific date. A different pool is built and split for every date. 'Pool by Date' shows the pool total for each day. 'Employee Totals' rolls everything up per employee for the whole period.
B9: How the 3 distribution methods work
B10: Percentage - the day's pool is split across roles using each role's Distribution %. Within a role, the role's dollar bucket is split among that role's employees in proportion to hours worked that day.
B11: Points - each recipient employee's hours worked that day are multiplied by their role's Points per Hour. The pool is divided by the total point-hours worked that day to get a $-per-point-hour rate, then paid out by each person's point-hours.
B12: Equally - the pool is divided by the total hours worked that day (across all recipient roles), then paid out per hour worked - regardless of role.
B13: How contribution works
... B19: - The Time Card Data tab supports up to 600 rows, Employee Totals up to 60 unique employees, and Pool by Date up to the 'Number of Days to Calculate' set on the Settings tab. Extend these by copying the last row's formulas down further if you need more.

Sheet Settings
A1: Settings
A3: Pay Period Start Date | B3: 46272 | C3: <- first date in your time card report (year is used for all dates)
A4: Number of Days to Calculate | B4: 31 | C4: <- how many days the 'Pool by Date' tab should list
A6: Tip Distribution Method | B6: Equally | C6: <- choose: Percentage, Points, or Equally
A9: Role Rules
A10: Every Role that appears in your time card should have a row below. Edit freely.
A11: Role | B11: Contributes to Pool? | C11: Contribution Method | D11: Contribution % | E11: Receives from Pool? | F11: Distribution % (Percentage method) | G11: Points per Hour (Points method)
A12: Barista | B12: N | C12: % of Tips | D12: 0 | E12: Y | F12: 1 | G12: 1
A13: Owner | B13: N | C13: % of Tips | D13: 0 | E13: N | F13: 0 | G13: 1
A14: Server | B14: N | C14: % of Tips | D14: 0 | E14: N | F14: 0 | G14: 1
A15: Bartender | B15: N | C15: % of Tips | D15: 0 | E15: N | F15: 0 | G15: 1
A16: Cashier | B16: N | C16: % of Tips | D16: 0 | E16: N | F16: 0 | G16: 1
A17: Summary | B17: Y | C17: % of Tips | D17: 1 | E17: N | G17: 1
A18: Kiosk | B18: Y | C18: % of Tips | D18: 1 | E18: N | G18: 1
A43: Check: Distribution % of recipient roles sums to | D43: =SUMIF(E12:E41,"Y",F12:F41) -> 1 | E43: (should be 100% when method = Percentage)

Sheet Time Card Data
A1: Name | B1: Role | C1: Pay rate | D1: Date | E1: Time in | G1: Time out | H1: Regular Hours | I1: Overtime | J1: Double Overtime | K1: Weekly Overtime | L1: Paid Breaks hours | M1: UnPaid Breaks hours | N1: Total Hours (excluding unpaid breaks) | O1: Net Sale | P1: Tips | Q1: Gratuity | R1: Employee | S1: Is Data Row? | T1: Date (parsed) | U1: Contributes? | V1: Contribution Method | W1: Contribution % | X1: Contribution Amount | Y1: Kept Tips | Z1: Receives? | AA1: Distribution % | AB1: Points/Hour | AC1: Day Pool Total | AD1: Role-Hours That Day | AE1: Recipient Hours That Day | AF1: Recipient Point-Hours That Day | AG1: Pool Share | AH1: Total Payout | AI1: First Occurrence? | AJ1: Unique Employee #
A2: Scott Okano | B2: Barista | C2: 19.75 | D2: 46272 | E2: 0.39861111 | G2: 0.70625 | H2: 6.87 | I2: 0 | J2: 0 | L2: 0.34 | M2: 0.51 | N2: 6.87 | O2: 358.25 | P2: 26.99 | Q2: 0 | R2: =IF(A2<>"",IF(A2="Total","",A2),"") -> Scott Okano | S2: =IF(AND(D2<>"",A2<>"Total"),1,0) -> 1 | T2: =IF(S2=1, DATE(YEAR(Settings!$B$3), MONTH(D2), DAY(D2)), "") -> 46272 | U2: =IF(S2=1,IFERROR(INDEX(Settings!$B$12:$B$41,MATCH($B2,Settings!$A$12:$A$41,0)),"N"),"") -> N | V2: =IF(S2=1,IFERROR(INDEX(Settings!$C$12:$C$41,MATCH($B2,Settings!$A$12:$A$41,0)),""),"") -> % of Tips | W2: =IF(S2=1,IFERROR(INDEX(Settings!$D$12:$D$41,MATCH($B2,Settings!$A$12:$A$41,0)),0),0) -> 0 | X2: =IF(AND(S2=1,U2="Y"),IF(V2="% of Sales",O2*W2,IF(V2="% of Tips",P2*W2,0)),0) -> 0 | Y2: =IF(S2=1,P2-X2,"") -> 26.99 | Z2: =IF(S2=1,IFERROR(INDEX(Settings!$E$12:$E$41,MATCH($B2,Settings!$A$12:$A$41,0)),"N"),"") -> Y | AA2: =IF(S2=1,IFERROR(INDEX(Settings!$F$12:$F$41,MATCH($B2,Settings!$A$12:$A$41,0)),0),0) -> 1 | AB2: =IF(S2=1,IFERROR(INDEX(Settings!$G$12:$G$41,MATCH($B2,Settings!$A$12:$A$41,0)),0),0) -> 1 | AC2: =IF(S2=1,SUMIFS($X$2:$X$601,$S$2:$S$601,1,$T$2:$T$601,T2),"") -> 303.99 | AD2: =IF(S2=1,SUMIFS($N$2:$N$601,$S$2:$S$601,1,$T$2:$T$601,T2,$B$2:$B$601,B2),"") -> 25.3 | AE2: =IF(S2=1,SUMIFS($N$2:$N$601,$S$2:$S$601,1,$T$2:$T$601,T2,$Z$2:$Z$601,"Y"),"") -> 25.3 | AF2: =IF(S2=1,SUMPRODUCT(($S$2:$S$601=1)*($T$2:$T$601=T2)*($Z$2:$Z$601="Y")*($N$2:$N$601)*($AB$2:$AB$601)),"") -> 25.3 | AG2: =IF(AND(S2=1,Z2="Y"),IF(Settings!$B$6="Percentage",IF(AD2=0,0,AC2*AA2*(N2/AD2)),IF(Settings!$B$6="Points",IF(AF2=0,0,AC2*(N2*AB2)/AF2),IF(Settings!$B$6="Equally",IF(AE2=0,0,AC2*N2/AE2),0))),0) -> 82.545901 | AH2: =IF(S2=1,Y2+AG2,"") -> 109.5359 | AI2: =IF(S2=1,IF(COUNTIFS($R$2:R2,R2,$S$2:S2,1)=1,1,0),0) -> 1 | AJ2: =SUM($AI$2:AI2) -> 1 | AL2: =IF(S2=1,SUMIF(D2:D67,D2,P2:P67)) -> 124.31
B3: Barista | C3: 19.75 | D3: 46274 | E3: 0.38125 | G3: 0.46180556 | H3: 1.92 | I3: 0 | J3: 0 | L3: 0 | M3: 0 | N3: 1.92 | O3: 142.5 | P3: 11.68 | Q3: 0 | R3: =IF(A3<>"",IF(A3="Total","",A3),IF(D3<>"",R2,"")) -> Scott Okano | S3: =IF(AND(D3<>"",A3<>"Total"),1,0) -> 1 | T3: =IF(S3=1, DATE(YEAR(Settings!$B$3), MONTH(D3), DAY(D3)), "") -> 46274 | U3: =IF(S3=1,IFERROR(INDEX(Settings!$B$12:$B$41,MATCH($B3,Settings!$A$12:$A$41,0)),"N"),"") -> N | V3: =IF(S3=1,IFERROR(INDEX(Settings!$C$12:$C$41,MATCH($B3,Settings!$A$12:$A$41,0)),""),"") -> % of Tips | W3: =IF(S3=1,IFERROR(INDEX(Settings!$D$12:$D$41,MATCH($B3,Settings!$A$12:$A$41,0)),0),0) -> 0 | X3: =IF(AND(S3=1,U3="Y"),IF(V3="% of Sales",O3*W3,IF(V3="% of Tips",P3*W3,0)),0) -> 0 | Y3: =IF(S3=1,P3-X3,"") -> 11.68 | Z3: =IF(S3=1,IFERROR(INDEX(Settings!$E$12:$E$41,MATCH($B3,Settings!$A$12:$A$41,0)),"N"),"") -> Y | AA3: =IF(S3=1,IFERROR(INDEX(Settings!$F$12:$F$41,MATCH($B3,Settings!$A$12:$A$41,0)),0),0) -> 1 | AB3: =IF(S3=1,IFERROR(INDEX(Settings!$G$12:$G$41,MATCH($B3,Settings!$A$12:$A$41,0)),0),0) -> 1 | AC3: =IF(S3=1,SUMIFS($X$2:$X$601,$S$2:$S$601,1,$T$2:$T$601,T3),"") -> 104.42 | AD3: =IF(S3=1,SUMIFS($N$2:$N$601,$S$2:$S$601,1,$T$2:$T$601,T3,$B$2:$B$601,B3),"") -> 10.98 | AE3: =IF(S3=1,SUMIFS($N$2:$N$601,$S$2:$S$601,1,$T$2:$T$601,T3,$Z$2:$Z$601,"Y"),"") -> 10.98 | AF3: =IF(S3=1,SUMPRODUCT(($S$2:$S$601=1)*($T$2:$T$601=T3)*($Z$2:$Z$601="Y")*($N$2:$N$601)*($AB$2:$AB$601)),"") -> 10.98 | AG3: =IF(AND(S3=1,Z3="Y"),IF(Settings!$B$6="Percentage",IF(AD3=0,0,AC3*AA3*(N3/AD3)),IF(Settings!$B$6="Points",IF(AF3=0,0,AC3*(N3*AB3)/AF3),IF(Settings!$B$6="Equally",IF(AE3=0,0,AC3*N3/AE3),0))),0) -> 18.259235 | AH3: =IF(S3=1,Y3+AG3,"") -> 29.939235 | AI3: =IF(S3=1,IF(COUNTIFS($R$2:R3,R3,$S$2:S3,1)=1,1,0),0) -> 0 | AJ3: =SUM($AI$2:AI3) -> 1
B4: Barista | C4: 19.75 | D4: 46274 | E4: 0.53888889 | G4: 0.74722222 | H4: 4.49 | I4: 0 | J4: 0 | L4: 0.17 | M4: 0.5 | N4: 4.49 | O4: 211 | P4: 19.66 | Q4: 0 | R4: =IF(A4<>"",IF(A4="Total","",A4),IF(D4<>"",R3,"")) -> Scott Okano | S4: =IF(AND(D4<>"",A4<>"Total"),1,0) -> 1 | T4: =IF(S4=1, DATE(YEAR(Settings!$B$3), MONTH(D4), DAY(D4)), "") -> 46274 | U4: =IF(S4=1,IFERROR(INDEX(Settings!$B$12:$B$41,MATCH($B4,Settings!$A$12:$A$41,0)),"N"),"") -> N | V4: =IF(S4=1,IFERROR(INDEX(Settings!$C$12:$C$41,MATCH($B4,Settings!$A$12:$A$41,0)),""),"") -> % of Tips | W4: =IF(S4=1,IFERROR(INDEX(Settings!$D$12:$D$41,MATCH($B4,Settings!$A$12:$A$41,0)),0),0) -> 0 | X4: =IF(AND(S4=1,U4="Y"),IF(V4="% of Sales",O4*W4,IF(V4="% of Tips",P4*W4,0)),0) -> 0 | Y4: =IF(S4=1,P4-X4,"") -> 19.66 | Z4: =IF(S4=1,IFERROR(INDEX(Settings!$E$12:$E$41,MATCH($B4,Settings!$A$12:$A$41,0)),"N"),"") -> Y | AA4: =IF(S4=1,IFERROR(INDEX(Settings!$F$12:$F$41,MATCH($B4,Settings!$A$12:$A$41,0)),0),0) -> 1 | AB4: =IF(S4=1,IFERROR(INDEX(Settings!$G$12:$G$41,MATCH($B4,Settings!$A$12:$A$41,0)),0),0) -> 1 | AC4: =IF(S4=1,SUMIFS($X$2:$X$601,$S$2:$S$601,1,$T$2:$T$601,T4),"") -> 104.42 | AD4: =IF(S4=1,SUMIFS($N$2:$N$601,$S$2:$S$601,1,$T$2:$T$601,T4,$B$2:$B$601,B4),"") -> 10.98 | AE4: =IF(S4=1,SUMIFS($N$2:$N$601,$S$2:$S$601,1,$T$2:$T$601,T4,$Z$2:$Z$601,"Y"),"") -> 10.98 | AF4: =IF(S4=1,SUMPRODUCT(($S$2:$S$601=1)*($T$2:$T$601=T4)*($Z$2:$Z$601="Y")*($N$2:$N$601)*($AB$2:$AB$601)),"") -> 10.98 | AG4: =IF(AND(S4=1,Z4="Y"),IF(Settings!$B$6="Percentage",IF(AD4=0,0,AC4*AA4*(N4/AD4)),IF(Settings!$B$6="Points",IF(AF4=0,0,AC4*(N4*AB4)/AF4),IF(Settings!$B$6="Equally",IF(AE4=0,0,AC4*N4/AE4),0))),0) -> 42.699982 | AH4: =IF(S4=1,Y4+AG4,"") -> 62.359982 | AI4: =IF(S4=1,IF(COUNTIFS($R$2:R4,R4,$S$2:S4,1)=1,1,0),0) -> 0 | AJ4: =SUM($AI$2:AI4) -> 1
B5: Barista | C5: 19.75 | D5: 46276 | E5: 0.52083333 | G5: 0.76180556 | H5: 5.3 | I5: 0 | J5: 0 | L5: 0.17 | M5: 0.5 | N5: 5.3 | O5: 227.31 | P5: 23.53 | Q5: 0 | R5: =IF(A5<>"",IF(A5="Total","",A5),IF(D5<>"",R4,"")) -> Scott Okano | S5: =IF(AND(D5<>"",A5<>"Total"),1,0) -> 1 | T5: =IF(S5=1, DATE(YEAR(Settings!$B$3), MONTH(D5), DAY(D5)), "") -> 46276 | U5: =IF(S5=1,IFERROR(INDEX(Settings!$B$12:$B$41,MATCH($B5,Settings!$A$12:$A$41,0)),"N"),"") -> N | V5: =IF(S5=1,IFERROR(INDEX(Settings!$C$12:$C$41,MATCH($B5,Settings!$A$12:$A$41,0)),""),"") -> % of Tips | W5: =IF(S5=1,IFERROR(INDEX(Settings!$D$12:$D$41,MATCH($B5,Settings!$A$12:$A$41,0)),0),0) -> 0 | X5: =IF(AND(S5=1,U5="Y"),IF(V5="% of Sales",O5*W5,IF(V5="% of Tips",P5*W5,0)),0) -> 0 | Y5: =IF(S5=1,P5-X5,"") -> 23.53 | Z5: =IF(S5=1,IFERROR(INDEX(Settings!$E$12:$E$41,MATCH($B5,Settings!$A$12:$A$41,0)),"N"),"") -> Y | AA5: =IF(S5=1,IFERROR(INDEX(Settings!$F$12:$F$41,MATCH($B5,Settings!$A$12:$A$41,0)),0),0) -> 1 | AB5: =IF(S5=1,IFERROR(INDEX(Settings!$G$12:$G$41,MATCH($B5,Settings!$A$12:$A$41,0)),0),0) -> 1 | AC5: =IF(S5=1,SUMIFS($X$2:$X$601,$S$2:$S$601,1,$T$2:$T$601,T5),"") -> 87.71 | AD5: =IF(S5=1,SUMIFS($N$2:$N$601,$S$2:$S$601,1,$T$2:$T$601,T5,$B$2:$B$601,B5),"") -> 15.74 | AE5: =IF(S5=1,SUMIFS($N$2:$N$601,$S$2:$S$601,1,$T$2:$T$601,T5,$Z$2:$Z$601,"Y"),"") -> 15.74 | AF5: =IF(S5=1,SUMPRODUCT(($S$2:$S$601=1)*($T$2:$T$601=T5)*($Z$2:$Z$601="Y")*($N$2:$N$601)*($AB$2:$AB$601)),"") -> 15.74 | AG5: =IF(AND(S5=1,Z5="Y"),IF(Settings!$B$6="Percentage",IF(AD5=0,0,AC5*AA5*(N5/AD5)),IF(Settings!$B$6="Points",IF(AF5=0,0,AC5*(N5*AB5)/AF5),IF(Settings!$B$6="Equally",IF(AE5=0,0,AC5*N5/AE5),0))),0) -> 29.533863 | AH5: =IF(S5=1,Y5+AG5,"") -> 53.063863 | AI5: =IF(S5=1,IF(COUNTIFS($R$2:R5,R5,$S$2:S5,1)=1,1,0),0) -> 0 | AJ5: =SUM($AI$2:AI5) -> 1
B6: Barista | C6: 19.75 | D6: 46279 | E6: 0.39652778 | G6: 0.72083333 | H6: 7.23 | I6: 0 | J6: 0 | L6: 0.34 | M6: 0.54 | N6: 7.23 | O6: 476.56 | P6: 42.29 | Q6: 0 | R6: =IF(A6<>"",IF(A6="Total","",A6),IF(D6<>"",R5,"")) -> Scott Okano | S6: =IF(AND(D6<>"",A6<>"Total"),1,0) -> 1 | T6: =IF(S6=1, DATE(YEAR(Settings!$B$3), MONTH(D6), DAY(D6)), "") -> 46279 | U6: =IF(S6=1,IFERROR(INDEX(Settings!$B$12:$B$41,MATCH($B6,Settings!$A$12:$A$41,0)),"N"),"") -> N | V6: =IF(S6=1,IFERROR(INDEX(Settings!$C$12:$C$41,MATCH($B6,Settings!$A$12:$A$41,0)),""),"") -> % of Tips | W6: =IF(S6=1,IFERROR(INDEX(Settings!$D$12:$D$41,MATCH($B6,Settings!$A$12:$A$41,0)),0),0) -> 0 | X6: =IF(AND(S6=1,U6="Y"),IF(V6="% of Sales",O6*W6,IF(V6="% of Tips",P6*W6,0)),0) -> 0 | Y6: =IF(S6=1,P6-X6,"") -> 42.29 | Z6: =IF(S6=1,IFERROR(INDEX(Settings!$E$12:$E$41,MATCH($B6,Settings!$A$12:$A$41,0)),"N"),"") -> Y | AA6: =IF(S6=1,IFERROR(INDEX(Settings!$F$12:$F$41,MATCH($B6,Settings!$A$12:$A$41,0)),0),0) -> 1 | AB6: =IF(S6=1,IFERROR(INDEX(Settings!$G$12:$G$41,MATCH($B6,Settings!$A$12:$A$41,0)),0),0) -> 1 | AC6: =IF(S6=1,SUMIFS($X$2:$X$601,$S$2:$S$601,1,$T$2:$T$601,T6),"") -> 80.03 | AD6: =IF(S6=1,SUMIFS($N$2:$N$601,$S$2:$S$601,1,$T$2:$T$601,T6,$B$2:$B$601,B6),"") -> 7.23 | AE6: =IF(S6=1,SUMIFS($N$2:$N$601,$S$2:$S$601,1,$T$2:$T$601,T6,$Z$2:$Z$601,"Y"),"") -> 7.23 | AF6: =IF(S6=1,SUMPRODUCT(($S$2:$S$601=1)*($T$2:$T$601=T6)*($Z$2:$Z$601="Y")*($N$2:$N$601)*($AB$2:$AB$601)),"") -> 7.23 | AG6: =IF(AND(S6=1,Z6="Y"),IF(Settings!$B$6="Percentage",IF(AD6=0,0,AC6*AA6*(N6/AD6)),IF(Settings!$B$6="Points",IF(AF6=0,0,AC6*(N6*AB6)/AF6),IF(Settings!$B$6="Equally",IF(AE6=0,0,AC6*N6/AE6),0))),0) -> 80.03 | AH6: =IF(S6=1,Y6+AG6,"") -> 122.32 | AI6: =IF(S6=1,IF(COUNTIFS($R$2:R6,R6,$S$2:S6,1)=1,1,0),0) -> 0 | AJ6: =SUM($AI$2:AI6) -> 1
B7: Barista | C7: 19.75 | D7: 46281 | E7: 0.5625 | G7: 0.74166667 | H7: 4.3 | I7: 0 | J7: 0 | L7: 0.17 | M7: 0 | N7: 4.3 | O7: 207.8 | P7: 21.6 | Q7: 0 | R7: =IF(A7<>"",IF(A7="Total","",A7),IF(D7<>"",R6,"")) -> Scott Okano | S7: =IF(AND(D7<>"",A7<>"Total"),1,0) -> 1 | T7: =IF(S7=1, DATE(YEAR(Settings!$B$3), MONTH(D7), DAY(D7)), "") -> 46281 | U7: =IF(S7=1,IFERROR(INDEX(Settings!$B$12:$B$41,MATCH($B7,Settings!$A$12:$A$41,0)),"N"),"") -> N | V7: =IF(S7=1,IFERROR(INDEX(Settings!$C$12:$C$41,MATCH($B7,Settings!$A$12:$A$41,0)),""),"") -> % of Tips | W7: =IF(S7=1,IFERROR(INDEX(Settings!$D$12:$D$41,MATCH($B7,Settings!$A$12:$A$41,0)),0),0) -> 0 | X7: =IF(AND(S7=1,U7="Y"),IF(V7="% of Sales",O7*W7,IF(V7="% of Tips",P7*W7,0)),0) -> 0 | Y7: =IF(S7=1,P7-X7,"") -> 21.6 | Z7: =IF(S7=1,IFERROR(INDEX(Settings!$E$12:$E$41,MATCH($B7,Settings!$A$12:$A$41,0)),"N"),"") -> Y | AA7: =IF(S7=1,IFERROR(INDEX(Settings!$F$12:$F$41,MATCH($B7,Settings!$A$12:$A$41,0)),0),0) -> 1 | AB7: =IF(S7=1,IFERROR(INDEX(Settings!$G$12:$G$41,MATCH($B7,Settings!$A$12:$A$41,0)),0),0) -> 1 | AC7: =IF(S7=1,SUMIFS($X$2:$X$601,$S$2:$S$601,1,$T$2:$T$601,T7),"") -> 81.58 | AD7: =IF(S7=1,SUMIFS($N$2:$N$601,$S$2:$S$601,1,$T$2:$T$601,T7,$B$2:$B$601,B7),"") -> 8.65 | AE7: =IF(S7=1,SUMIFS($N$2:$N$601,$S$2:$S$601,1,$T$2:$T$601,T7,$Z$2:$Z$601,"Y"),"") -> 8.65 | AF7: =IF(S7=1,SUMPRODUCT(($S$2:$S$601=1)*($T$2:$T$601=T7)*($Z$2:$Z$601="Y")*($N$2:$N$601)*($AB$2:$AB$601)),"") -> 8.65 | AG7: =IF(AND(S7=1,Z7="Y"),IF(Settings!$B$6="Percentage",IF(AD7=0,0,AC7*AA7*(N7/AD7)),IF(Settings!$B$6="Points",IF(AF7=0,0,AC7*(N7*AB7)/AF7),IF(Settings!$B$6="Equally",IF(AE7=0,0,AC7*N7/AE7),0))),0) -> 40.55422 | AH7: =IF(S7=1,Y7+AG7,"") -> 62.15422 | AI7: =IF(S7=1,IF(COUNTIFS($R$2:R7,R7,$S$2:S7,1)=1,1,0),0) -> 0 | AJ7: =SUM($AI$2:AI7) -> 1
B8: Barista | C8: 19.75 | D8: 46283 | E8: 0.58333333 | G8: 0.76805556 | H8: 4.43 | I8: 0 | J8: 0 | L8: 0.17 | M8: 0 | N8: 4.43 | O8: 248.35 | P8: 21.26 | Q8: 0 | R8: =IF(A8<>"",IF(A8="Total","",A8),IF(D8<>"",R7,"")) -> Scott Okano | S8: =IF(AND(D8<>"",A8<>"Total"),1,0) -> 1 | T8: =IF(S8=1, DATE(YEAR(Settings!$B$3), MONTH(D8), DAY(D8)), "") -> 46283 | U8: =IF(S8=1,IFERROR(INDEX(Settings!$B$12:$B$41,MATCH($B8,Settings!$A$12:$A$41,0)),"N"),"") -> N | V8: =IF(S8=1,IFERROR(INDEX(Settings!$C$12:$C$41,MATCH($B8,Settings!$A$12:$A$41,0)),""),"") -> % of Tips | W8: =IF(S8=1,IFERROR(INDEX(Settings!$D$12:$D$41,MATCH($B8,Settings!$A$12:$A$41,0)),0),0) -> 0 | X8: =IF(AND(S8=1,U8="Y"),IF(V8="% of Sales",O8*W8,IF(V8="% of Tips",P8*W8,0)),0) -> 0 | Y8: =IF(S8=1,P8-X8,"") -> 21.26 | Z8: =IF(S8=1,IFERROR(INDEX(Settings!$E$12:$E$41,MATCH($B8,Settings!$A$12:$A$41,0)),"N"),"") -> Y | AA8: =IF(S8=1,IFERROR(INDEX(Settings!$F$12:$F$41,MATCH($B8,Settings!$A$12:$A$41,0)),0),0) -> 1 | AB8: =IF(S8=1,IFERROR(INDEX(Settings!$G$12:$G$41,MATCH($B8,Settings!$A$12:$A$41,0)),0),0) -> 1 | AC8: =IF(S8=1,SUMIFS($X$2:$X$601,$S$2:$S$601,1,$T$2:$T$601,T8),"") -> 84.09 | AD8: =IF(S8=1,SUMIFS($N$2:$N$601,$S$2:$S$601,1,$T$2:$T$601,T8,$B$2:$B$601,B8),"") -> 12.5 | AE8: =IF(S8=1,SUMIFS($N$2:$N$601,$S$2:$S$601,1,$T$2:$T$601,T8,$Z$2:$Z$601,"Y"),"") -> 12.5 | AF8: =IF(S8=1,SUMPRODUCT(($S$2:$S$601=1)*($T$2:$T$601=T8)*($Z$2:$Z$601="Y")*($N$2:$N$601)*($AB$2:$AB$601)),"") -> 12.5 | AG8: =IF(AND(S8=1,Z8="Y"),IF(Settings!$B$6="Percentage",IF(AD8=0,0,AC8*AA8*(N8/AD8)),IF(Settings!$B$6="Points",IF(AF8=0,0,AC8*(N8*AB8)/AF8),IF(Settings!$B$6="Equally",IF(AE8=0,0,AC8*N8/AE8),0))),0) -> 29.801496 | AH8: =IF(S8=1,Y8+AG8,"") -> 51.061496 | AI8: =IF(S8=1,IF(COUNTIFS($R$2:R8,R8,$S$2:S8,1)=1,1,0),0) -> 0 | AJ8: =SUM($AI$2:AI8) -> 1
B9: Barista | C9: 19.75 | D9: 46284 | E9: 0.41597222 | G9: 0.70972222 | H9: 6.54 | I9: 0 | J9: 0 | L9: 0.34 | M9: 0.51 | N9: 6.54 | O9: 1276.42 | P9: 77.4 | Q9: 0 | R9: =IF(A9<>"",IF(A9="Total","",A9),IF(D9<>"",R8,"")) -> Scott Okano | S9: =IF(AND(D9<>"",A9<>"Total"),1,0) -> 1 | T9: =IF(S9=1, DATE(YEAR(Settings!$B$3), MONTH(D9), DAY(D9)), "") -> 46284 | U9: =IF(S9=1,IFERROR(INDEX(Settings!$B$12:$B$41,MATCH($B9,Settings!$A$12:$A$41,0)),"N"),"") -> N | V9: =IF(S9=1,IFERROR(INDEX(Settings!$C$12:$C$41,MATCH($B9,Settings!$A$12:$A$41,0)),""),"") -> % of Tips | W9: =IF(S9=1,IFERROR(INDEX(Settings!$D$12:$D$41,MATCH($B9,Settings!$A$12:$A$41,0)),0),0) -> 0 | X9: =IF(AND(S9=1,U9="Y"),IF(V9="% of Sales",O9*W9,IF(V9="% of Tips",P9*W9,0)),0) -> 0 | Y9: =IF(S9=1,P9-X9,"") -> 77.4 | Z9: =IF(S9=1,IFERROR(INDEX(Settings!$E$12:$E$41,MATCH($B9,Settings!$A$12:$A$41,0)),"N"),"") -> Y | AA9: =IF(S9=1,IFERROR(INDEX(Settings!$F$12:$F$41,MATCH($B9,Settings!$A$12:$A$41,0)),0),0) -> 1 | AB9: =IF(S9=1,IFERROR(INDEX(Settings!$G$12:$G$41,MATCH($B9,Settings!$A$12:$A$41,0)),0),0) -> 1 | AC9: =IF(S9=1,SUMIFS($X$2:$X$601,$S$2:$S$601,1,$T$2:$T$601,T9),"") -> 190.57 | AD9: =IF(S9=1,SUMIFS($N$2:$N$601,$S$2:$S$601,1,$T$2:$T$601,T9,$B$2:$B$601,B9),"") -> 28 | AE9: =IF(S9=1,SUMIFS($N$2:$N$601,$S$2:$S$601,1,$T$2:$T$601,T9,$Z$2:$Z$601,"Y"),"") -> 28 | AF9: =IF(S9=1,SUMPRODUCT(($S$2:$S$601=1)*($T$2:$T$601=T9)*($Z$2:$Z$601="Y")*($N$2:$N$601)*($AB$2:$AB$601)),"") -> 28 | AG9: =IF(AND(S9=1,Z9="Y"),IF(Settings!$B$6="Percentage",IF(AD9=0,0,AC9*AA9*(N9/AD9)),IF(Settings!$B$6="Points",IF(AF9=0,0,AC9*(N9*AB9)/AF9),IF(Settings!$B$6="Equally",IF(AE9=0,0,AC9*N9/AE9),0))),0) -> 44.511707 | AH9: =IF(S9=1,Y9+AG9,"") -> 121.91171 | AI9: =IF(S9=1,IF(COUNTIFS($R$2:R9,R9,$S$2:S9,1)=1,1,0),0) -> 0 | AJ9: =SUM($AI$2:AI9) -> 1
A10: Total | H10: 41.08 | I10: 0 | J10: 0 | K10: 0 | L10: 1.7 | M10: 2.56 | N10: 41.08 | O10: 3148.19 | P10: 244.41 | Q10: 0 | R10: =IF(A10<>"",IF(A10="Total","",A10),IF(D10<>"",R9,"")) | S10: =IF(AND(D10<>"",A10<>"Total"),1,0) -> 0 | T10: =IF(S10=1, DATE(YEAR(Settings!$B$3), MONTH(D10), DAY(D10)), "") | U10: =IF(S10=1,IFERROR(INDEX(Settings!$B$12:$B$41,MATCH($B10,Settings!$A$12:$A$41,0)),"N"),"") | V10: =IF(S10=1,IFERROR(INDEX(Settings!$C$12:$C$41,MATCH($B10,Settings!$A$12:$A$41,0)),""),"") | W10: =IF(S10=1,IFERROR(INDEX(Settings!$D$12:$D$41,MATCH($B10,Settings!$A$12:$A$41,0)),0),0) -> 0 | X10: =IF(AND(S10=1,U10="Y"),IF(V10="% of Sales",O10*W10,IF(V10="% of Tips",P10*W10,0)),0) -> 0 | Y10: =IF(S10=1,P10-X10,"") | Z10: =IF(S10=1,IFERROR(INDEX(Settings!$E$12:$E$41,MATCH($B10,Settings!$A$12:$A$41,0)),"N"),"") | AA10: =IF(S10=1,IFERROR(INDEX(Settings!$F$12:$F$41,MATCH($B10,Settings!$A$12:$A$41,0)),0),0) -> 0 | AB10: =IF(S10=1,IFERROR(INDEX(Settings!$G$12:$G$41,MATCH($B10,Settings!$A$12:$A$41,0)),0),0) -> 0 | AC10: =IF(S10=1,SUMIFS($X$2:$X$601,$S$2:$S$601,1,$T$2:$T$601,T10),"") | AD10: =IF(S10=1,SUMIFS($N$2:$N$601,$S$2:$S$601,1,$T$2:$T$601,T10,$B$2:$B$601,B10),"") | AE10: =IF(S10=1,SUMIFS($N$2:$N$601,$S$2:$S$601,1,$T$2:$T$601,T10,$Z$2:$Z$601,"Y"),"") | AF10: =IF(S10=1,SUMPRODUCT(($S$2:$S$601=1)*($T$2:$T$601=T10)*($Z$2:$Z$601="Y")*($N$2:$N$601)*($AB$2:$AB$601)),"") | AG10: =IF(AND(S10=1,Z10="Y"),IF(Settings!$B$6="Percentage",IF(AD10=0,0,AC10*AA10*(N10/AD10)),IF(Settings!$B$6="Points",IF(AF10=0,0,AC10*(N10*AB10)/AF10),IF(Settings!$B$6="Equally",IF(AE10=0,0,AC10*N10/AE10),0))),0) -> 0 | AH10: =IF(S10=1,Y10+AG10,"") | AI10: =IF(S10=1,IF(COUNTIFS($R$2:R10,R10,$S$2:S10,1)=1,1,0),0) -> 0 | AJ10: =SUM($AI$2:AI10) -> 1
R11: =IF(A11<>"",IF(A11="Total","",A11),IF(D11<>"",R10,"")) | S11: =IF(AND(D11<>"",A11<>"Total"),1,0) -> 0 | T11: =IF(S11=1, DATE(YEAR(Settings!$B$3), MONTH(D11), DAY(D11)), "") | U11: =IF(S11=1,IFERROR(INDEX(Settings!$B$12:$B$41,MATCH($B11,Settings!$A$12:$A$41,0)),"N"),"") | V11: =IF(S11=1,IFERROR(INDEX(Settings!$C$12:$C$41,MATCH($B11,Settings!$A$12:$A$41,0)),""),"") | W11: =IF(S11=1,IFERROR(INDEX(Settings!$D$12:$D$41,MATCH($B11,Settings!$A$12:$A$41,0)),0),0) -> 0 | X11: =IF(AND(S11=1,U11="Y"),IF(V11="% of Sales",O11*W11,IF(V11="% of Tips",P11*W11,0)),0) -> 0 | Y11: =IF(S11=1,P11-X11,"") | Z11: =IF(S11=1,IFERROR(INDEX(Settings!$E$12:$E$41,MATCH($B11,Settings!$A$12:$A$41,0)),"N"),"") | AA11: =IF(S11=1,IFERROR(INDEX(Settings!$F$12:$F$41,MATCH($B11,Settings!$A$12:$A$41,0)),0),0) -> 0 | AB11: =IF(S11=1,IFERROR(INDEX(Settings!$G$12:$G$41,MATCH($B11,Settings!$A$12:$A$41,0)),0),0) -> 0 | AC11: =IF(S11=1,SUMIFS($X$2:$X$601,$S$2:$S$601,1,$T$2:$T$601,T11),"") | AD11: =IF(S11=1,SUMIFS($N$2:$N$601,$S$2:$S$601,1,$T$2:$T$601,T11,$B$2:$B$601,B11),"") | AE11: =IF(S11=1,SUMIFS($N$2:$N$601,$S$2:$S$601,1,$T$2:$T$601,T11,$Z$2:$Z$601,"Y"),"") | AF11: =IF(S11=1,SUMPRODUCT(($S$2:$S$601=1)*($T$2:$T$601=T11)*($Z$2:$Z$601="Y")*($N$2:$N$601)*($AB$2:$AB$601)),"") | AG11: =IF(AND(S11=1,Z11="Y"),IF(Settings!$B$6="Percentage",IF(AD11=0,0,AC11*AA11*(N11/AD11)),IF(Settings!$B$6="Points",IF(AF11=0,0,AC11*(N11*AB11)/AF11),IF(Settings!$B$6="Equally",IF(AE11=0,0,AC11*N11/AE11),0))),0) -> 0 | AH11: =IF(S11=1,Y11+AG11,"") | AI11: =IF(S11=1,IF(COUNTIFS($R$2:R11,R11,$S$2:S11,1)=1,1,0),0) -> 0 | AJ11: =SUM($AI$2:AI11) -> 1
A12: Shamira Tesorero | B12: Barista | C12: 19.61 | D12: 46278 | E12: 0.41597222 | G12: 0.70486111 | H12: 6.42 | I12: 0 | J12: 0 | L12: 0.17 | M12: 0.52 | N12: 6.42 | O12: 1498.08 | P12: 117.29 | Q12: 0 | R12: =IF(A12<>"",IF(A12="Total","",A12),IF(D12<>"",R11,"")) -> Shamira Tesorero | S12: =IF(AND(D12<>"",A12<>"Total"),1,0) -> 1 | T12: =IF(S12=1, DATE(YEAR(Settings!$B$3), MONTH(D12), DAY(D12)), "") -> 46278 | U12: =IF(S12=1,IFERROR(INDEX(Settings!$B$12:$B$41,MATCH($B12,Settings!$A$12:$A$41,0)),"N"),"") -> N | V12: =IF(S12=1,IFERROR(INDEX(Settings!$C$12:$C$41,MATCH($B12,Settings!$A$12:$A$41,0)),""),"") -> % of Tips | W12: =IF(S12=1,IFERROR(INDEX(Settings!$D$12:$D$41,MATCH($B12,Settings!$A$12:$A$41,0)),0),0) -> 0 | X12: =IF(AND(S12=1,U12="Y"),IF(V12="% of Sales",O12*W12,IF(V12="% of Tips",P12*W12,0)),0) -> 0 | Y12: =IF(S12=1,P12-X12,"") -> 117.29 | Z12: =IF(S12=1,IFERROR(INDEX(Settings!$E$12:$E$41,MATCH($B12,Settings!$A$12:$A$41,0)),"N"),"") -> Y | AA12: =IF(S12=1,IFERROR(INDEX(Settings!$F$12:$F$41,MATCH($B12,Settings!$A$12:$A$41,0)),0),0) -> 1 | AB12: =IF(S12=1,IFERROR(INDEX(Settings!$G$12:$G$41,MATCH($B12,Settings!$A$12:$A$41,0)),0),0) -> 1 | AC12: =IF(S12=1,SUMIFS($X$2:$X$601,$S$2:$S$601,1,$T$2:$T$601,T12),"") -> 242.76 | AD12: =IF(S12=1,SUMIFS($N$2:$N$601,$S$2:$S$601,1,$T$2:$T$601,T12,$B$2:$B$601,B12),"") -> 20.37 | AE12: =IF(S12=1,SUMIFS($N$2:$N$601,$S$2:$S$601,1,$T$2:$T$601,T12,$Z$2:$Z$601,"Y"),"") -> 20.37 | AF12: =IF(S12=1,SUMPRODUCT(($S$2:$S$601=1)*($T$2:$T$601=T12)*($Z$2:$Z$601="Y")*($N$2:$N$601)*($AB$2:$AB$601)),"") -> 20.37 | AG12: =IF(AND(S12=1,Z12="Y"),IF(Settings!$B$6="Percentage",IF(AD12=0,0,AC12*AA12*(N12/AD12)),IF(Settings!$B$6="Points",IF(AF12=0,0,AC12*(N12*AB12)/AF12),IF(Settings!$B$6="Equally",IF(AE12=0,0,AC12*N12/AE12),0))),0) -> 76.510515 | AH12: =IF(S12=1,Y12+AG12,"") -> 193.80052 | AI12: =IF(S12=1,IF(COUNTIFS($R$2:R12,R12,$S$2:S12,1)=1,1,0),0) -> 1 | AJ12: =SUM($AI$2:AI12) -> 2
B13: Barista | C13: 19.61 | D13: 46284 | E13: 0.39513889 | G13: 0.62986111 | H13: 5.06 | I13: 0 | J13: 0 | L13: 0.17 | M13: 0.59 | N13: 5.06 | O13: 412.2 | P13: 42.71 | Q13: 0 | R13: =IF(A13<>"",IF(A13="Total","",A13),IF(D13<>"",R12,"")) -> Shamira Tesorero | S13: =IF(AND(D13<>"",A13<>"Total"),1,0) -> 1 | T13: =IF(S13=1, DATE(YEAR(Settings!$B$3), MONTH(D13), DAY(D13)), "") -> 46284 | U13: =IF(S13=1,IFERROR(INDEX(Settings!$B$12:$B$41,MATCH($B13,Settings!$A$12:$A$41,0)),"N"),"") -> N | V13: =IF(S13=1,IFERROR(INDEX(Settings!$C$12:$C$41,MATCH($B13,Settings!$A$12:$A$41,0)),""),"") -> % of Tips | W13: =IF(S13=1,IFERROR(INDEX(Settings!$D$12:$D$41,MATCH($B13,Settings!$A$12:$A$41,0)),0),0) -> 0 | X13: =IF(AND(S13=1,U13="Y"),IF(V13="% of Sales",O13*W13,IF(V13="% of Tips",P13*W13,0)),0) -> 0 | Y13: =IF(S13=1,P13-X13,"") -> 42.71 | Z13: =IF(S13=1,IFERROR(INDEX(Settings!$E$12:$E$41,MATCH($B13,Settings!$A$12:$A$41,0)),"N"),"") -> Y | AA13: =IF(S13=1,IFERROR(INDEX(Settings!$F$12:$F$41,MATCH($B13,Settings!$A$12:$A$41,0)),0),0) -> 1 | AB13: =IF(S13=1,IFERROR(INDEX(Settings!$G$12:$G$41,MATCH($B13,Settings!$A$12:$A$41,0)),0),0) -> 1 | AC13: =IF(S13=1,SUMIFS($X$2:$X$601,$S$2:$S$601,1,$T$2:$T$601,T13),"") -> 190.57 | AD13: =IF(S13=1,SUMIFS($N$2:$N$601,$S$2:$S$601,1,$T$2:$T$601,T13,$B$2:$B$601,B13),"") -> 28 | AE13: =IF(S13=1,SUMIFS($N$2:$N$601,$S$2:$S$601,1,$T$2:$T$601,T13,$Z$2:$Z$601,"Y"),"") -> 28 | AF13: =IF(S13=1,SUMPRODUCT(($S$2:$S$601=1)*($T$2:$T$601=T13)*($Z$2:$Z$601="Y")*($N$2:$N$601)*($AB$2:$AB$601)),"") -> 28 | AG13: =IF(AND(S13=1,Z13="Y"),IF(Settings!$B$6="Percentage",IF(AD13=0,0,AC13*AA13*(N13/AD13)),IF(Settings!$B$6="Points",IF(AF13=0,0,AC13*(N13*AB13)/AF13),IF(Settings!$B$6="Equally",IF(AE13=0,0,AC13*N13/AE13),0))),0) -> 34.438721 | AH13: =IF(S13=1,Y13+AG13,"") -> 77.148721 | AI13: =IF(S13=1,IF(COUNTIFS($R$2:R13,R13,$S$2:S13,1)=1,1,0),0) -> 0 | AJ13: =SUM($AI$2:AI13) -> 2
B14: Barista | C14: 19.61 | D14: 46285 | E14: 0.41319444 | G14: 0.71111111 | H14: 6.65 | I14: 0 | J14: 0 | L14: 0.34 | M14: 0.51 | N14: 6.65 | O14: 858.77 | P14: 66.56 | Q14: 0 | R14: =IF(A14<>"",IF(A14="Total","",A14),IF(D14<>"",R13,"")) -> Shamira Tesorero | S14: =IF(AND(D14<>"",A14<>"Total"),1,0) -> 1 | T14: =IF(S14=1, DATE(YEAR(Settings!$B$3), MONTH(D14), DAY(D14)), "") -> 46285 | U14: =IF(S14=1,IFERROR(INDEX(Settings!$B$12:$B$41,MATCH($B14,Settings!$A$12:$A$41,0)),"N"),"") -> N | V14: =IF(S14=1,IFERROR(INDEX(Settings!$C$12:$C$41,MATCH($B14,Settings!$A$12:$A$41,0)),""),"") -> % of Tips | W14: =IF(S14=1,IFERROR(INDEX(Settings!$D$12:$D$41,MATCH($B14,Settings!$A$12:$A$41,0)),0),0) -> 0 | X14: =IF(AND(S14=1,U14="Y"),IF(V14="% of Sales",O14*W14,IF(V14="% of Tips",P14*W14,0)),0) -> 0 | Y14: =IF(S14=1,P14-X14,"") -> 66.56 | Z14: =IF(S14=1,IFERROR(INDEX(Settings!$E$12:$E$41,MATCH($B14,Settings!$A$12:$A$41,0)),"N"),"") -> Y | AA14: =IF(S14=1,IFERROR(INDEX(Settings!$F$12:$F$41,MATCH($B14,Settings!$A$12:$A$41,0)),0),0) -> 1 | AB14: =IF(S14=1,IFERROR(INDEX(Settings!$G$12:$G$41,MATCH($B14,Settings!$A$12:$A$41,0)),0),0) -> 1 | AC14: =IF(S14=1,SUMIFS($X$2:$X$601,$S$2:$S$601,1,$T$2:$T$601,T14),"") -> 146.5 | AD14: =IF(S14=1,SUMIFS($N$2:$N$601,$S$2:$S$601,1,$T$2:$T$601,T14,$B$2:$B$601,B14),"") -> 22.34 | AE14: =IF(S14=1,SUMIFS($N$2:$N$601,$S$2:$S$601,1,$T$2:$T$601,T14,$Z$2:$Z$601,"Y"),"") -> 22.34 | AF14: =IF(S14=1,SUMPRODUCT(($S$2:$S$601=1)*($T$2:$T$601=T14)*($Z$2:$Z$601="Y")*($N$2:$N$601)*($AB$2:$AB$601)),"") -> 22.34 | AG14: =IF(AND(S14=1,Z14="Y"),IF(Settings!$B$6="Percentage",IF(AD14=0,0,AC14*AA14*(N14/AD14)),IF(Settings!$B$6="Points",IF(AF14=0,0,AC14*(N14*AB14)/AF14),IF(Settings!$B$6="Equally",IF(AE14=0,0,AC14*N14/AE14),0))),0) -> 43.608997 | AH14: =IF(S14=1,Y14+AG14,"") -> 110.169 | AI14: =IF(S14=1,IF(COUNTIFS($R$2:R14,R14,$S$2:S14,1)=1,1,0),0) -> 0 | AJ14: =SUM($AI$2:AI14) -> 2
A15: Total | H15: 18.13 | I15: 0 | J15: 0 | K15: 0 | L15: 0.68 | M15: 1.62 | N15: 18.13 | O15: 2769.05 | P15: 226.56 | Q15: 0 | R15: =IF(A15<>"",IF(A15="Total","",A15),IF(D15<>"",R14,"")) | S15: =IF(AND(D15<>"",A15<>"Total"),1,0) -> 0 | T15: =IF(S15=1, DATE(YEAR(Settings!$B$3), MONTH(D15), DAY(D15)), "") | U15: =IF(S15=1,IFERROR(INDEX(Settings!$B$12:$B$41,MATCH($B15,Settings!$A$12:$A$41,0)),"N"),"") | V15: =IF(S15=1,IFERROR(INDEX(Settings!$C$12:$C$41,MATCH($B15,Settings!$A$12:$A$41,0)),""),"") | W15: =IF(S15=1,IFERROR(INDEX(Settings!$D$12:$D$41,MATCH($B15,Settings!$A$12:$A$41,0)),0),0) -> 0 | X15: =IF(AND(S15=1,U15="Y"),IF(V15="% of Sales",O15*W15,IF(V15="% of Tips",P15*W15,0)),0) -> 0 | Y15: =IF(S15=1,P15-X15,"") | Z15: =IF(S15=1,IFERROR(INDEX(Settings!$E$12:$E$41,MATCH($B15,Settings!$A$12:$A$41,0)),"N"),"") | AA15: =IF(S15=1,IFERROR(INDEX(Settings!$F$12:$F$41,MATCH($B15,Settings!$A$12:$A$41,0)),0),0) -> 0 | AB15: =IF(S15=1,IFERROR(INDEX(Settings!$G$12:$G$41,MATCH($B15,Settings!$A$12:$A$41,0)),0),0) -> 0 | AC15: =IF(S15=1,SUMIFS($X$2:$X$601,$S$2:$S$601,1,$T$2:$T$601,T15),"") | AD15: =IF(S15=1,SUMIFS($N$2:$N$601,$S$2:$S$601,1,$T$2:$T$601,T15,$B$2:$B$601,B15),"") | AE15: =IF(S15=1,SUMIFS($N$2:$N$601,$S$2:$S$601,1,$T$2:$T$601,T15,$Z$2:$Z$601,"Y"),"") | AF15: =IF(S15=1,SUMPRODUCT(($S$2:$S$601=1)*($T$2:$T$601=T15)*($Z$2:$Z$601="Y")*($N$2:$N$601)*($AB$2:$AB$601)),"") | AG15: =IF(AND(S15=1,Z15="Y"),IF(Settings!$B$6="Percentage",IF(AD15=0,0,AC15*AA15*(N15/AD15)),IF(Settings!$B$6="Points",IF(AF15=0,0,AC15*(N15*AB15)/AF15),IF(Settings!$B$6="Equally",IF(AE15=0,0,AC15*N15/AE15),0))),0) -> 0 | AH15: =IF(S15=1,Y15+AG15,"") | AI15: =IF(S15=1,IF(COUNTIFS($R$2:R15,R15,$S$2:S15,1)=1,1,0),0) -> 0 | AJ15: =SUM($AI$2:AI15) -> 2
R16: =IF(A16<>"",IF(A16="Total","",A16),IF(D16<>"",R15,"")) | S16: =IF(AND(D16<>"",A16<>"Total"),1,0) -> 0 | T16: =IF(S16=1, DATE(YEAR(Settings!$B$3), MONTH(D16), DAY(D16)), "") | U16: =IF(S16=1,IFERROR(INDEX(Settings!$B$12:$B$41,MATCH($B16,Settings!$A$12:$A$41,0)),"N"),"") | V16: =IF(S16=1,IFERROR(INDEX(Settings!$C$12:$C$41,MATCH($B16,Settings!$A$12:$A$41,0)),""),"") | W16: =IF(S16=1,IFERROR(INDEX(Settings!$D$12:$D$41,MATCH($B16,Settings!$A$12:$A$41,0)),0),0) -> 0 | X16: =IF(AND(S16=1,U16="Y"),IF(V16="% of Sales",O16*W16,IF(V16="% of Tips",P16*W16,0)),0) -> 0 | Y16: =IF(S16=1,P16-X16,"") | Z16: =IF(S16=1,IFERROR(INDEX(Settings!$E$12:$E$41,MATCH($B16,Settings!$A$12:$A$41,0)),"N"),"") | AA16: =IF(S16=1,IFERROR(INDEX(Settings!$F$12:$F$41,MATCH($B16,Settings!$A$12:$A$41,0)),0),0) -> 0 | AB16: =IF(S16=1,IFERROR(INDEX(Settings!$G$12:$G$41,MATCH($B16,Settings!$A$12:$A$41,0)),0),0) -> 0 | AC16: =IF(S16=1,SUMIFS($X$2:$X$601,$S$2:$S$601,1,$T$2:$T$601,T16),"") | AD16: =IF(S16=1,SUMIFS($N$2:$N$601,$S$2:$S$601,1,$T$2:$T$601,T16,$B$2:$B$601,B16),"") | AE16: =IF(S16=1,SUMIFS($N$2:$N$601,$S$2:$S$601,1,$T$2:$T$601,T16,$Z$2:$Z$601,"Y"),"") | AF16: =IF(S16=1,SUMPRODUCT(($S$2:$S$601=1)*($T$2:$T$601=T16)*($Z$2:$Z$601="Y")*($N$2:$N$601)*($AB$2:$AB$601)),"") | AG16: =IF(AND(S16=1,Z16="Y"),IF(Settings!$B$6="Percentage",IF(AD16=0,0,AC16*AA16*(N16/AD16)),IF(Settings!$B$6="Points",IF(AF16=0,0,AC16*(N16*AB16)/AF16),IF(Settings!$B$6="Equally",IF(AE16=0,0,AC16*N16/AE16),0))),0) -> 0 | AH16: =IF(S16=1,Y16+AG16,"") | AI16: =IF(S16=1,IF(COUNTIFS($R$2:R16,R16,$S$2:S16,1)=1,1,0),0) -> 0 | AJ16: =SUM($AI$2:AI16) -> 2
A17: Tessa Andrascik | B17: Barista | C17: 19.61 | D17: 46282 | E17: 0.39861111 | G17: 0.56805556 | H17: 4.03 | I17: 0 | J17: 0 | L17: 0.17 | M17: 0.03 | N17: 4.03 | O17: 276 | P17: 20.32 | Q17: 0 | R17: =IF(A17<>"",IF(A17="Total","",A17),IF(D17<>"",R16,"")) -> Tessa Andrascik | S17: =IF(AND(D17<>"",A17<>"Total"),1,0) -> 1 | T17: =IF(S17=1, DATE(YEAR(Settings!$B$3), MONTH(D17), DAY(D17)), "") -> 46282 | U17: =IF(S17=1,IFERROR(INDEX(Settings!$B$12:$B$41,MATCH($B17,Settings!$A$12:$A$41,0)),"N"),"") -> N | V17: =IF(S17=1,IFERROR(INDEX(Settings!$C$12:$C$41,MATCH($B17,Settings!$A$12:$A$41,0)),""),"") -> % of Tips | W17: =IF(S17=1,IFERROR(INDEX(Settings!$D$12:$D$41,MATCH($B17,Settings!$A$12:$A$41,0)),0),0) -> 0 | X17: =IF(AND(S17=1,U17="Y"),IF(V17="% of Sales",O17*W17,IF(V17="% of Tips",P17*W17,0)),0) -> 0 | Y17: =IF(S17=1,P17-X17,"") -> 20.32 | Z17: =IF(S17=1,IFERROR(INDEX(Settings!$E$12:$E$41,MATCH($B17,Settings!$A$12:$A$41,0)),"N"),"") -> Y | AA17: =IF(S17=1,IFERROR(INDEX(Settings!$F$12:$F$41,MATCH($B17,Settings!$A$12:$A$41,0)),0),0) -> 1 | AB17: =IF(S17=1,IFERROR(INDEX(Settings!$G$12:$G$41,MATCH($B17,Settings!$A$12:$A$41,0)),0),0) -> 1 | AC17: =IF(S17=1,SUMIFS($X$2:$X$601,$S$2:$S$601,1,$T$2:$T$601,T17),"") -> 72.78 | AD17: =IF(S17=1,SUMIFS($N$2:$N$601,$S$2:$S$601,1,$T$2:$T$601,T17,$B$2:$B$601,B17),"") -> 8.07 | AE17: =IF(S17=1,SUMIFS($N$2:$N$601,$S$2:$S$601,1,$T$2:$T$601,T17,$Z$2:$Z$601,"Y"),"") -> 8.07 | AF17: =IF(S17=1,SUMPRODUCT(($S$2:$S$601=1)*($T$2:$T$601=T17)*($Z$2:$Z$601="Y")*($N$2:$N$601)*($AB$2:$AB$601)),"") -> 8.07 | AG17: =IF(AND(S17=1,Z17="Y"),IF(Settings!$B$6="Percentage",IF(AD17=0,0,AC17*AA17*(N17/AD17)),IF(Settings!$B$6="Points",IF(AF17=0,0,AC17*(N17*AB17)/AF17),IF(Settings!$B$6="Equally",IF(AE17=0,0,AC17*N17/AE17),0))),0) -> 36.344907 | AH17: =IF(S17=1,Y17+AG17,"") -> 56.664907 | AI17: =IF(S17=1,IF(COUNTIFS($R$2:R17,R17,$S$2:S17,1)=1,1,0),0) -> 1 | AJ17: =SUM($AI$2:AI17) -> 3
B18: Barista | C18: 19.61 | D18: 46283 | E18: 0.47986111 | G18: 0.625 | H18: 3.49 | I18: 0 | J18: 0 | L18: 0.17 | M18: 0 | N18: 3.49 | O18: 509 | P18: 40.15 | Q18: 0 | R18: =IF(A18<>"",IF(A18="Total","",A18),IF(D18<>"",R17,"")) -> Tessa Andrascik | S18: =IF(AND(D18<>"",A18<>"Total"),1,0) -> 1 | T18: =IF(S18=1, DATE(YEAR(Settings!$B$3), MONTH(D18), DAY(D18)), "") -> 46283 | U18: =IF(S18=1,IFERROR(INDEX(Settings!$B$12:$B$41,MATCH($B18,Settings!$A$12:$A$41,0)),"N"),"") -> N | V18: =IF(S18=1,IFERROR(INDEX(Settings!$C$12:$C$41,MATCH($B18,Settings!$A$12:$A$41,0)),""),"") -> % of Tips | W18: =IF(S18=1,IFERROR(INDEX(Settings!$D$12:$D$41,MATCH($B18,Settings!$A$12:$A$41,0)),0),0) -> 0 | X18: =IF(AND(S18=1,U18="Y"),IF(V18="% of Sales",O18*W18,IF(V18="% of Tips",P18*W18,0)),0) -> 0 | Y18: =IF(S18=1,P18-X18,"") -> 40.15 | Z18: =IF(S18=1,IFERROR(INDEX(Settings!$E$12:$E$41,MATCH($B18,Settings!$A$12:$A$41,0)),"N"),"") -> Y | AA18: =IF(S18=1,IFERROR(INDEX(Settings!$F$12:$F$41,MATCH($B18,Settings!$A$12:$A$41,0)),0),0) -> 1 | AB18: =IF(S18=1,IFERROR(INDEX(Settings!$G$12:$G$41,MATCH($B18,Settings!$A$12:$A$41,0)),0),0) -> 1 | AC18: =IF(S18=1,SUMIFS($X$2:$X$601,$S$2:$S$601,1,$T$2:$T$601,T18),"") -> 84.09 | AD18: =IF(S18=1,SUMIFS($N$2:$N$601,$S$2:$S$601,1,$T$2:$T$601,T18,$B$2:$B$601,B18),"") -> 12.5 | AE18: =IF(S18=1,SUMIFS($N$2:$N$601,$S$2:$S$601,1,$T$2:$T$601,T18,$Z$2:$Z$601,"Y"),"") -> 12.5 | AF18: =IF(S18=1,SUMPRODUCT(($S$2:$S$601=1)*($T$2:$T$601=T18)*($Z$2:$Z$601="Y")*($N$2:$N$601)*($AB$2:$AB$601)),"") -> 12.5 | AG18: =IF(AND(S18=1,Z18="Y"),IF(Settings!$B$6="Percentage",IF(AD18=0,0,AC18*AA18*(N18/AD18)),IF(Settings!$B$6="Points",IF(AF18=0,0,AC18*(N18*AB18)/AF18),IF(Settings!$B$6="Equally",IF(AE18=0,0,AC18*N18/AE18),0))),0) -> 23.477928 | AH18: =IF(S18=1,Y18+AG18,"") -> 63.627928 | AI18: =IF(S18=1,IF(COUNTIFS($R$2:R18,R18,$S$2:S18,1)=1,1,0),0) -> 0 | AJ18: =SUM($AI$2:AI18) -> 3
A19: Total | H19: 7.52 | I19: 0 | J19: 0 | K19: 0 | L19: 0.34 | M19: 0.03 | N19: 7.52 | O19: 785 | P19: 60.47 | Q19: 0 | R19: =IF(A19<>"",IF(A19="Total","",A19),IF(D19<>"",R18,"")) | S19: =IF(AND(D19<>"",A19<>"Total"),1,0) -> 0 | T19: =IF(S19=1, DATE(YEAR(Settings!$B$3), MONTH(D19), DAY(D19)), "") | U19: =IF(S19=1,IFERROR(INDEX(Settings!$B$12:$B$41,MATCH($B19,Settings!$A$12:$A$41,0)),"N"),"") | V19: =IF(S19=1,IFERROR(INDEX(Settings!$C$12:$C$41,MATCH($B19,Settings!$A$12:$A$41,0)),""),"") | W19: =IF(S19=1,IFERROR(INDEX(Settings!$D$12:$D$41,MATCH($B19,Settings!$A$12:$A$41,0)),0),0) -> 0 | X19: =IF(AND(S19=1,U19="Y"),IF(V19="% of Sales",O19*W19,IF(V19="% of Tips",P19*W19,0)),0) -> 0 | Y19: =IF(S19=1,P19-X19,"") | Z19: =IF(S19=1,IFERROR(INDEX(Settings!$E$12:$E$41,MATCH($B19,Settings!$A$12:$A$41,0)),"N"),"") | AA19: =IF(S19=1,IFERROR(INDEX(Settings!$F$12:$F$41,MATCH($B19,Settings!$A$12:$A$41,0)),0),0) -> 0 | AB19: =IF(S19=1,IFERROR(INDEX(Settings!$G$12:$G$41,MATCH($B19,Settings!$A$12:$A$41,0)),0),0) -> 0 | AC19: =IF(S19=1,SUMIFS($X$2:$X$601,$S$2:$S$601,1,$T$2:$T$601,T19),"") | AD19: =IF(S19=1,SUMIFS($N$2:$N$601,$S$2:$S$601,1,$T$2:$T$601,T19,$B$2:$B$601,B19),"") | AE19: =IF(S19=1,SUMIFS($N$2:$N$601,$S$2:$S$601,1,$T$2:$T$601,T19,$Z$2:$Z$601,"Y"),"") | AF19: =IF(S19=1,SUMPRODUCT(($S$2:$S$601=1)*($T$2:$T$601=T19)*($Z$2:$Z$601="Y")*($N$2:$N$601)*($AB$2:$AB$601)),"") | AG19: =IF(AND(S19=1,Z19="Y"),IF(Settings!$B$6="Percentage",IF(AD19=0,0,AC19*AA19*(N19/AD19)),IF(Settings!$B$6="Points",IF(AF19=0,0,AC19*(N19*AB19)/AF19),IF(Settings!$B$6="Equally",IF(AE19=0,0,AC19*N19/AE19),0))),0) -> 0 | AH19: =IF(S19=1,Y19+AG19,"") | AI19: =IF(S19=1,IF(COUNTIFS($R$2:R19,R19,$S$2:S19,1)=1,1,0),0) -> 0 | AJ19: =SUM($AI$2:AI19) -> 3
R20: =IF(A20<>"",IF(A20="Total","",A20),IF(D20<>"",R19,"")) | S20: =IF(AND(D20<>"",A20<>"Total"),1,0) -> 0 | T20: =IF(S20=1, DATE(YEAR(Settings!$B$3), MONTH(D20), DAY(D20)), "") | U20: =IF(S20=1,IFERROR(INDEX(Settings!$B$12:$B$41,MATCH($B20,Settings!$A$12:$A$41,0)),"N"),"") | V20: =IF(S20=1,IFERROR(INDEX(Settings!$C$12:$C$41,MATCH($B20,Settings!$A$12:$A$41,0)),""),"") | W20: =IF(S20=1,IFERROR(INDEX(Settings!$D$12:$D$41,MATCH($B20,Settings!$A$12:$A$41,0)),0),0) -> 0 | X20: =IF(AND(S20=1,U20="Y"),IF(V20="% of Sales",O20*W20,IF(V20="% of Tips",P20*W20,0)),0) -> 0 | Y20: =IF(S20=1,P20-X20,"") | Z20: =IF(S20=1,IFERROR(INDEX(Settings!$E$12:$E$41,MATCH($B20,Settings!$A$12:$A$41,0)),"N"),"") | AA20: =IF(S20=1,IFERROR(INDEX(Settings!$F$12:$F$41,MATCH($B20,Settings!$A$12:$A$41,0)),0),0) -> 0 | AB20: =IF(S20=1,IFERROR(INDEX(Settings!$G$12:$G$41,MATCH($B20,Settings!$A$12:$A$41,0)),0),0) -> 0 | AC20: =IF(S20=1,SUMIFS($X$2:$X$601,$S$2:$S$601,1,$T$2:$T$601,T20),"") | AD20: =IF(S20=1,SUMIFS($N$2:$N$601,$S$2:$S$601,1,$T$2:$T$601,T20,$B$2:$B$601,B20),"") | AE20: =IF(S20=1,SUMIFS($N$2:$N$601,$S$2:$S$601,1,$T$2:$T$601,T20,$Z$2:$Z$601,"Y"),"") | AF20: =IF(S20=1,SUMPRODUCT(($S$2:$S$601=1)*($T$2:$T$601=T20)*($Z$2:$Z$601="Y")*($N$2:$N$601)*($AB$2:$AB$601)),"") | AG20: =IF(AND(S20=1,Z20="Y"),IF(Settings!$B$6="Percentage",IF(AD20=0,0,AC20*AA20*(N20/AD20)),IF(Settings!$B$6="Points",IF(AF20=0,0,AC20*(N20*AB20)/AF20),IF(Settings!$B$6="Equally",IF(AE20=0,0,AC20*N20/AE20),0))),0) -> 0 | AH20: =IF(S20=1,Y20+AG20,"") | AI20: =IF(S20=1,IF(COUNTIFS($R$2:R20,R20,$S$2:S20,1)=1,1,0),0) -> 0 | AJ20: =SUM($AI$2:AI20) -> 3
A21: Anthony Zhang | B21: Barista | C21: 19.61 | D21: 46272 | E21: 0.49583333 | G21: 0.73263889 | H21: 5.67 | I21: 0 | J21: 0 | L21: 0.17 | M21: 0.01 | N21: 5.67 | O21: 0 | P21: 0 | Q21: 0 | R21: =IF(A21<>"",IF(A21="Total","",A21),IF(D21<>"",R20,"")) -> Anthony Zhang | S21: =IF(AND(D21<>"",A21<>"Total"),1,0) -> 1 | T21: =IF(S21=1, DATE(YEAR(Settings!$B$3), MONTH(D21), DAY(D21)), "") -> 46272 | U21: =IF(S21=1,IFERROR(INDEX(Settings!$B$12:$B$41,MATCH($B21,Settings!$A$12:$A$41,0)),"N"),"") -> N | V21: =IF(S21=1,IFERROR(INDEX(Settings!$C$12:$C$41,MATCH($B21,Settings!$A$12:$A$41,0)),""),"") -> % of Tips | W21: =IF(S21=1,IFERROR(INDEX(Settings!$D$12:$D$41,MATCH($B21,Settings!$A$12:$A$41,0)),0),0) -> 0 | X21: =IF(AND(S21=1,U21="Y"),IF(V21="% of Sales",O21*W21,IF(V21="% of Tips",P21*W21,0)),0) -> 0 | Y21: =IF(S21=1,P21-X21,"") -> 0 | Z21: =IF(S21=1,IFERROR(INDEX(Settings!$E$12:$E$41,MATCH($B21,Settings!$A$12:$A$41,0)),"N"),"") -> Y | AA21: =IF(S21=1,IFERROR(INDEX(Settings!$F$12:$F$41,MATCH($B21,Settings!$A$12:$A$41,0)),0),0) -> 1 | AB21: =IF(S21=1,IFERROR(INDEX(Settings!$G$12:$G$41,MATCH($B21,Settings!$A$12:$A$41,0)),0),0) -> 1 | AC21: =IF(S21=1,SUMIFS($X$2:$X$601,$S$2:$S$601,1,$T$2:$T$601,T21),"") -> 303.99 | AD21: =IF(S21=1,SUMIFS($N$2:$N$601,$S$2:$S$601,1,$T$2:$T$601,T21,$B$2:$B$601,B21),"") -> 25.3 | AE21: =IF(S21=1,SUMIFS($N$2:$N$601,$S$2:$S$601,1,$T$2:$T$601,T21,$Z$2:$Z$601,"Y"),"") -> 25.3 | AF21: =IF(S21=1,SUMPRODUCT(($S$2:$S$601=1)*($T$2:$T$601=T21)*($Z$2:$Z$601="Y")*($N$2:$N$601)*($AB$2:$AB$601)),"") -> 25.3 | AG21: =IF(AND(S21=1,Z21="Y"),IF(Settings!$B$6="Percentage",IF(AD21=0,0,AC21*AA21*(N21/AD21)),IF(Settings!$B$6="Points",IF(AF21=0,0,AC21*(N21*AB21)/AF21),IF(Settings!$B$6="Equally",IF(AE21=0,0,AC21*N21/AE21),0))),0) -> 68.127403 | AH21: =IF(S21=1,Y21+AG21,"") -> 68.127403 | AI21: =IF(S21=1,IF(COUNTIFS($R$2:R21,R21,$S$2:S21,1)=1,1,0),0) -> 1 | AJ21: =SUM($AI$2:AI21) -> 4
B22: Barista | C22: 19.61 | D22: 46276 | E22: 0.44791667 | G22: 0.6625 | H22: 5.14 | I22: 0 | J22: 0 | L22: 0.31 | M22: 0.02 | N22: 5.14 | O22: 226.56 | P22: 19.77 | Q22: 0 | R22: =IF(A22<>"",IF(A22="Total","",A22),IF(D22<>"",R21,"")) -> Anthony Zhang | S22: =IF(AND(D22<>"",A22<>"Total"),1,0) -> 1 | T22: =IF(S22=1, DATE(YEAR(Settings!$B$3), MONTH(D22), DAY(D22)), "") -> 46276 | U22: =IF(S22=1,IFERROR(INDEX(Settings!$B$12:$B$41,MATCH($B22,Settings!$A$12:$A$41,0)),"N"),"") -> N | V22: =IF(S22=1,IFERROR(INDEX(Settings!$C$12:$C$41,MATCH($B22,Settings!$A$12:$A$41,0)),""),"") -> % of Tips | W22: =IF(S22=1,IFERROR(INDEX(Settings!$D$12:$D$41,MATCH($B22,Settings!$A$12:$A$41,0)),0),0) -> 0 | X22: =IF(AND(S22=1,U22="Y"),IF(V22="% of Sales",O22*W22,IF(V22="% of Tips",P22*W22,0)),0) -> 0 | Y22: =IF(S22=1,P22-X22,"") -> 19.77 | Z22: =IF(S22=1,IFERROR(INDEX(Settings!$E$12:$E$41,MATCH($B22,Settings!$A$12:$A$41,0)),"N"),"") -> Y | AA22: =IF(S22=1,IFERROR(INDEX(Settings!$F$12:$F$41,MATCH($B22,Settings!$A$12:$A$41,0)),0),0) -> 1 | AB22: =IF(S22=1,IFERROR(INDEX(Settings!$G$12:$G$41,MATCH($B22,Settings!$A$12:$A$41,0)),0),0) -> 1 | AC22: =IF(S22=1,SUMIFS($X$2:$X$601,$S$2:$S$601,1,$T$2:$T$601,T22),"") -> 87.71 | AD22: =IF(S22=1,SUMIFS($N$2:$N$601,$S$2:$S$601,1,$T$2:$T$601,T22,$B$2:$B$601,B22),"") -> 15.74 | AE22: =IF(S22=1,SUMIFS($N$2:$N$601,$S$2:$S$601,1,$T$2:$T$601,T22,$Z$2:$Z$601,"Y"),"") -> 15.74 | AF22: =IF(S22=1,SUMPRODUCT(($S$2:$S$601=1)*($T$2:$T$601=T22)*($Z$2:$Z$601="Y")*($N$2:$N$601)*($AB$2:$AB$601)),"") -> 15.74 | AG22: =IF(AND(S22=1,Z22="Y"),IF(Settings!$B$6="Percentage",IF(AD22=0,0,AC22*AA22*(N22/AD22)),IF(Settings!$B$6="Points",IF(AF22=0,0,AC22*(N22*AB22)/AF22),IF(Settings!$B$6="Equally",IF(AE22=0,0,AC22*N22/AE22),0))),0) -> 28.642274 | AH22: =IF(S22=1,Y22+AG22,"") -> 48.412274 | AI22: =IF(S22=1,IF(COUNTIFS($R$2:R22,R22,$S$2:S22,1)=1,1,0),0) -> 0 | AJ22: =SUM($AI$2:AI22) -> 4
B23: Barista | C23: 19.61 | D23: 46277 | E23: 0.45069444 | G23: 0.75763889 | H23: 7.37 | I23: 0 | J23: 0 | L23: 0.32 | M23: 0 | N23: 7.37 | O23: 36 | P23: 3.13 | Q23: 0 | R23: =IF(A23<>"",IF(A23="Total","",A23),IF(D23<>"",R22,"")) -> Anthony Zhang | S23: =IF(AND(D23<>"",A23<>"Total"),1,0) -> 1 | T23: =IF(S23=1, DATE(YEAR(Settings!$B$3), MONTH(D23), DAY(D23)), "") -> 46277 | U23: =IF(S23=1,IFERROR(INDEX(Settings!$B$12:$B$41,MATCH($B23,Settings!$A$12:$A$41,0)),"N"),"") -> N | V23: =IF(S23=1,IFERROR(INDEX(Settings!$C$12:$C$41,MATCH($B23,Settings!$A$12:$A$41,0)),""),"") -> % of Tips | W23: =IF(S23=1,IFERROR(INDEX(Settings!$D$12:$D$41,MATCH($B23,Settings!$A$12:$A$41,0)),0),0) -> 0 | X23: =IF(AND(S23=1,U23="Y"),IF(V23="% of Sales",O23*W23,IF(V23="% of Tips",P23*W23,0)),0) -> 0 | Y23: =IF(S23=1,P23-X23,"") -> 3.13 | Z23: =IF(S23=1,IFERROR(INDEX(Settings!$E$12:$E$41,MATCH($B23,Settings!$A$12:$A$41,0)),"N"),"") -> Y | AA23: =IF(S23=1,IFERROR(INDEX(Settings!$F$12:$F$41,MATCH($B23,Settings!$A$12:$A$41,0)),0),0) -> 1 | AB23: =IF(S23=1,IFERROR(INDEX(Settings!$G$12:$G$41,MATCH($B23,Settings!$A$12:$A$41,0)),0),0) -> 1 | AC23: =IF(S23=1,SUMIFS($X$2:$X$601,$S$2:$S$601,1,$T$2:$T$601,T23),"") -> 220.79 | AD23: =IF(S23=1,SUMIFS($N$2:$N$601,$S$2:$S$601,1,$T$2:$T$601,T23,$B$2:$B$601,B23),"") -> 24.11 | AE23: =IF(S23=1,SUMIFS($N$2:$N$601,$S$2:$S$601,1,$T$2:$T$601,T23,$Z$2:$Z$601,"Y"),"") -> 24.11 | AF23: =IF(S23=1,SUMPRODUCT(($S$2:$S$601=1)*($T$2:$T$601=T23)*($Z$2:$Z$601="Y")*($N$2:$N$601)*($AB$2:$AB$601)),"") -> 24.11 | AG23: =IF(AND(S23=1,Z23="Y"),IF(Settings!$B$6="Percentage",IF(AD23=0,0,AC23*AA23*(N23/AD23)),IF(Settings!$B$6="Points",IF(AF23=0,0,AC23*(N23*AB23)/AF23),IF(Settings!$B$6="Equally",IF(AE23=0,0,AC23*N23/AE23),0))),0) -> 67.491593 | AH23: =IF(S23=1,Y23+AG23,"") -> 70.621593 | AI23: =IF(S23=1,IF(COUNTIFS($R$2:R23,R23,$S$2:S23,1)=1,1,0),0) -> 0 | AJ23: =SUM($AI$2:AI23) -> 4
B24: Barista | C24: 19.61 | D24: 46284 | E24: 0.54652778 | G24: 0.75902778 | H24: 5.08 | I24: 0 | J24: 0 | L24: 0.34 | M24: 0.03 | N24: 5.08 | O24: 37.6 | P24: 2.31 | Q24: 0 | R24: =IF(A24<>"",IF(A24="Total","",A24),IF(D24<>"",R23,"")) -> Anthony Zhang | S24: =IF(AND(D24<>"",A24<>"Total"),1,0) -> 1 | T24: =IF(S24=1, DATE(YEAR(Settings!$B$3), MONTH(D24), DAY(D24)), "") -> 46284 | U24: =IF(S24=1,IFERROR(INDEX(Settings!$B$12:$B$41,MATCH($B24,Settings!$A$12:$A$41,0)),"N"),"") -> N | V24: =IF(S24=1,IFERROR(INDEX(Settings!$C$12:$C$41,MATCH($B24,Settings!$A$12:$A$41,0)),""),"") -> % of Tips | W24: =IF(S24=1,IFERROR(INDEX(Settings!$D$12:$D$41,MATCH($B24,Settings!$A$12:$A$41,0)),0),0) -> 0 | X24: =IF(AND(S24=1,U24="Y"),IF(V24="% of Sales",O24*W24,IF(V24="% of Tips",P24*W24,0)),0) -> 0 | Y24: =IF(S24=1,P24-X24,"") -> 2.31 | Z24: =IF(S24=1,IFERROR(INDEX(Settings!$E$12:$E$41,MATCH($B24,Settings!$A$12:$A$41,0)),"N"),"") -> Y | AA24: =IF(S24=1,IFERROR(INDEX(Settings!$F$12:$F$41,MATCH($B24,Settings!$A$12:$A$41,0)),0),0) -> 1 | AB24: =IF(S24=1,IFERROR(INDEX(Settings!$G$12:$G$41,MATCH($B24,Settings!$A$12:$A$41,0)),0),0) -> 1 | AC24: =IF(S24=1,SUMIFS($X$2:$X$601,$S$2:$S$601,1,$T$2:$T$601,T24),"") -> 190.57 | AD24: =IF(S24=1,SUMIFS($N$2:$N$601,$S$2:$S$601,1,$T$2:$T$601,T24,$B$2:$B$601,B24),"") -> 28 | AE24: =IF(S24=1,SUMIFS($N$2:$N$601,$S$2:$S$601,1,$T$2:$T$601,T24,$Z$2:$Z$601,"Y"),"") -> 28 | AF24: =IF(S24=1,SUMPRODUCT(($S$2:$S$601=1)*($T$2:$T$601=T24)*($Z$2:$Z$601="Y")*($N$2:$N$601)*($AB$2:$AB$601)),"") -> 28 | AG24: =IF(AND(S24=1,Z24="Y"),IF(Settings!$B$6="Percentage",IF(AD24=0,0,AC24*AA24*(N24/AD24)),IF(Settings!$B$6="Points",IF(AF24=0,0,AC24*(N24*AB24)/AF24),IF(Settings!$B$6="Equally",IF(AE24=0,0,AC24*N24/AE24),0))),0) -> 34.574843 | AH24: =IF(S24=1,Y24+AG24,"") -> 36.884843 | AI24: =IF(S24=1,IF(COUNTIFS($R$2:R24,R24,$S$2:S24,1)=1,1,0),0) -> 0 | AJ24: =SUM($AI$2:AI24) -> 4
B25: Barista | C25: 19.61 | D25: 46285 | E25: 0.54236111 | G25: 0.76180556 | H25: 5.21 | I25: 0 | J25: 0 | L25: 0.3 | M25: 0.06 | N25: 5.21 | O25: 165.25 | P25: 10.29 | Q25: 0 | R25: =IF(A25<>"",IF(A25="Total","",A25),IF(D25<>"",R24,"")) -> Anthony Zhang | S25: =IF(AND(D25<>"",A25<>"Total"),1,0) -> 1 | T25: =IF(S25=1, DATE(YEAR(Settings!$B$3), MONTH(D25), DAY(D25)), "") -> 46285 | U25: =IF(S25=1,IFERROR(INDEX(Settings!$B$12:$B$41,MATCH($B25,Settings!$A$12:$A$41,0)),"N"),"") -> N | V25: =IF(S25=1,IFERROR(INDEX(Settings!$C$12:$C$41,MATCH($B25,Settings!$A$12:$A$41,0)),""),"") -> % of Tips | W25: =IF(S25=1,IFERROR(INDEX(Settings!$D$12:$D$41,MATCH($B25,Settings!$A$12:$A$41,0)),0),0) -> 0 | X25: =IF(AND(S25=1,U25="Y"),IF(V25="% of Sales",O25*W25,IF(V25="% of Tips",P25*W25,0)),0) -> 0 | Y25: =IF(S25=1,P25-X25,"") -> 10.29 | Z25: =IF(S25=1,IFERROR(INDEX(Settings!$E$12:$E$41,MATCH($B25,Settings!$A$12:$A$41,0)),"N"),"") -> Y | AA25: =IF(S25=1,IFERROR(INDEX(Settings!$F$12:$F$41,MATCH($B25,Settings!$A$12:$A$41,0)),0),0) -> 1 | AB25: =IF(S25=1,IFERROR(INDEX(Settings!$G$12:$G$41,MATCH($B25,Settings!$A$12:$A$41,0)),0),0) -> 1 | AC25: =IF(S25=1,SUMIFS($X$2:$X$601,$S$2:$S$601,1,$T$2:$T$601,T25),"") -> 146.5 | AD25: =IF(S25=1,SUMIFS($N$2:$N$601,$S$2:$S$601,1,$T$2:$T$601,T25,$B$2:$B$601,B25),"") -> 22.34 | AE25: =IF(S25=1,SUMIFS($N$2:$N$601,$S$2:$S$601,1,$T$2:$T$601,T25,$Z$2:$Z$601,"Y"),"") -> 22.34 | AF25: =IF(S25=1,SUMPRODUCT(($S$2:$S$601=1)*($T$2:$T$601=T25)*($Z$2:$Z$601="Y")*($N$2:$N$601)*($AB$2:$AB$601)),"") -> 22.34 | AG25: =IF(AND(S25=1,Z25="Y"),IF(Settings!$B$6="Percentage",IF(AD25=0,0,AC25*AA25*(N25/AD25)),IF(Settings!$B$6="Points",IF(AF25=0,0,AC25*(N25*AB25)/AF25),IF(Settings!$B$6="Equally",IF(AE25=0,0,AC25*N25/AE25),0))),0) -> 34.165846 | AH25: =IF(S25=1,Y25+AG25,"") -> 44.455846 | AI25: =IF(S25=1,IF(COUNTIFS($R$2:R25,R25,$S$2:S25,1)=1,1,0),0) -> 0 | AJ25: =SUM($AI$2:AI25) -> 4
A26: Total | H26: 28.47 | I26: 0 | J26: 0 | K26: 0 | L26: 1.44 | M26: 0.12 | N26: 28.47 | O26: 465.41 | P26: 35.5 | Q26: 0 | R26: =IF(A26<>"",IF(A26="Total","",A26),IF(D26<>"",R25,"")) | S26: =IF(AND(D26<>"",A26<>"Total"),1,0) -> 0 | T26: =IF(S26=1, DATE(YEAR(Settings!$B$3), MONTH(D26), DAY(D26)), "") | U26: =IF(S26=1,IFERROR(INDEX(Settings!$B$12:$B$41,MATCH($B26,Settings!$A$12:$A$41,0)),"N"),"") | V26: =IF(S26=1,IFERROR(INDEX(Settings!$C$12:$C$41,MATCH($B26,Settings!$A$12:$A$41,0)),""),"") | W26: =IF(S26=1,IFERROR(INDEX(Settings!$D$12:$D$41,MATCH($B26,Settings!$A$12:$A$41,0)),0),0) -> 0 | X26: =IF(AND(S26=1,U26="Y"),IF(V26="% of Sales",O26*W26,IF(V26="% of Tips",P26*W26,0)),0) -> 0 | Y26: =IF(S26=1,P26-X26,"") | Z26: =IF(S26=1,IFERROR(INDEX(Settings!$E$12:$E$41,MATCH($B26,Settings!$A$12:$A$41,0)),"N"),"") | AA26: =IF(S26=1,IFERROR(INDEX(Settings!$F$12:$F$41,MATCH($B26,Settings!$A$12:$A$41,0)),0),0) -> 0 | AB26: =IF(S26=1,IFERROR(INDEX(Settings!$G$12:$G$41,MATCH($B26,Settings!$A$12:$A$41,0)),0),0) -> 0 | AC26: =IF(S26=1,SUMIFS($X$2:$X$601,$S$2:$S$601,1,$T$2:$T$601,T26),"") | AD26: =IF(S26=1,SUMIFS($N$2:$N$601,$S$2:$S$601,1,$T$2:$T$601,T26,$B$2:$B$601,B26),"") | AE26: =IF(S26=1,SUMIFS($N$2:$N$601,$S$2:$S$601,1,$T$2:$T$601,T26,$Z$2:$Z$601,"Y"),"") | AF26: =IF(S26=1,SUMPRODUCT(($S$2:$S$601=1)*($T$2:$T$601=T26)*($Z$2:$Z$601="Y")*($N$2:$N$601)*($AB$2:$AB$601)),"") | AG26: =IF(AND(S26=1,Z26="Y"),IF(Settings!$B$6="Percentage",IF(AD26=0,0,AC26*AA26*(N26/AD26)),IF(Settings!$B$6="Points",IF(AF26=0,0,AC26*(N26*AB26)/AF26),IF(Settings!$B$6="Equally",IF(AE26=0,0,AC26*N26/AE26),0))),0) -> 0 | AH26: =IF(S26=1,Y26+AG26,"") | AI26: =IF(S26=1,IF(COUNTIFS($R$2:R26,R26,$S$2:S26,1)=1,1,0),0) -> 0 | AJ26: =SUM($AI$2:AI26) -> 4
R27: =IF(A27<>"",IF(A27="Total","",A27),IF(D27<>"",R26,"")) | S27: =IF(AND(D27<>"",A27<>"Total"),1,0) -> 0 | T27: =IF(S27=1, DATE(YEAR(Settings!$B$3), MONTH(D27), DAY(D27)), "") | U27: =IF(S27=1,IFERROR(INDEX(Settings!$B$12:$B$41,MATCH($B27,Settings!$A$12:$A$41,0)),"N"),"") | V27: =IF(S27=1,IFERROR(INDEX(Settings!$C$12:$C$41,MATCH($B27,Settings!$A$12:$A$41,0)),""),"") | W27: =IF(S27=1,IFERROR(INDEX(Settings!$D$12:$D$41,MATCH($B27,Settings!$A$12:$A$41,0)),0),0) -> 0 | X27: =IF(AND(S27=1,U27="Y"),IF(V27="% of Sales",O27*W27,IF(V27="% of Tips",P27*W27,0)),0) -> 0 | Y27: =IF(S27=1,P27-X27,"") | Z27: =IF(S27=1,IFERROR(INDEX(Settings!$E$12:$E$41,MATCH($B27,Settings!$A$12:$A$41,0)),"N"),"") | AA27: =IF(S27=1,IFERROR(INDEX(Settings!$F$12:$F$41,MATCH($B27,Settings!$A$12:$A$41,0)),0),0) -> 0 | AB27: =IF(S27=1,IFERROR(INDEX(Settings!$G$12:$G$41,MATCH($B27,Settings!$A$12:$A$41,0)),0),0) -> 0 | AC27: =IF(S27=1,SUMIFS($X$2:$X$601,$S$2:$S$601,1,$T$2:$T$601,T27),"") | AD27: =IF(S27=1,SUMIFS($N$2:$N$601,$S$2:$S$601,1,$T$2:$T$601,T27,$B$2:$B$601,B27),"") | AE27: =IF(S27=1,SUMIFS($N$2:$N$601,$S$2:$S$601,1,$T$2:$T$601,T27,$Z$2:$Z$601,"Y"),"") | AF27: =IF(S27=1,SUMPRODUCT(($S$2:$S$601=1)*($T$2:$T$601=T27)*($Z$2:$Z$601="Y")*($N$2:$N$601)*($AB$2:$AB$601)),"") | AG27: =IF(AND(S27=1,Z27="Y"),IF(Settings!$B$6="Percentage",IF(AD27=0,0,AC27*AA27*(N27/AD27)),IF(Settings!$B$6="Points",IF(AF27=0,0,AC27*(N27*AB27)/AF27),IF(Settings!$B$6="Equally",IF(AE27=0,0,AC27*N27/AE27),0))),0) -> 0 | AH27: =IF(S27=1,Y27+AG27,"") | AI27: =IF(S27=1,IF(COUNTIFS($R$2:R27,R27,$S$2:S27,1)=1,1,0),0) -> 0 | AJ27: =SUM($AI$2:AI27) -> 4
A28: Fatimah Mahmoud | B28: Barista | C28: 19.61 | D28: 46272 | E28: 0.54444444 | G28: 0.77083333 | H28: 5.42 | I28: 0 | J28: 0 | L28: 0.17 | M28: 0 | N28: 5.42 | O28: 0 | P28: 0 | Q28: 0 | R28: =IF(A28<>"",IF(A28="Total","",A28),IF(D28<>"",R27,"")) -> Fatimah Mahmoud | S28: =IF(AND(D28<>"",A28<>"Total"),1,0) -> 1 | T28: =IF(S28=1, DATE(YEAR(Settings!$B$3), MONTH(D28), DAY(D28)), "") -> 46272 | U28: =IF(S28=1,IFERROR(INDEX(Settings!$B$12:$B$41,MATCH($B28,Settings!$A$12:$A$41,0)),"N"),"") -> N | V28: =IF(S28=1,IFERROR(INDEX(Settings!$C$12:$C$41,MATCH($B28,Settings!$A$12:$A$41,0)),""),"") -> % of Tips | W28: =IF(S28=1,IFERROR(INDEX(Settings!$D$12:$D$41,MATCH($B28,Settings!$A$12:$A$41,0)),0),0) -> 0 | X28: =IF(AND(S28=1,U28="Y"),IF(V28="% of Sales",O28*W28,IF(V28="% of Tips",P28*W28,0)),0) -> 0 | Y28: =IF(S28=1,P28-X28,"") -> 0 | Z28: =IF(S28=1,IFERROR(INDEX(Settings!$E$12:$E$41,MATCH($B28,Settings!$A$12:$A$41,0)),"N"),"") -> Y | AA28: =IF(S28=1,IFERROR(INDEX(Settings!$F$12:$F$41,MATCH($B28,Settings!$A$12:$A$41,0)),0),0) -> 1 | AB28: =IF(S28=1,IFERROR(INDEX(Settings!$G$12:$G$41,MATCH($B28,Settings!$A$12:$A$41,0)),0),0) -> 1 | AC28: =IF(S28=1,SUMIFS($X$2:$X$601,$S$2:$S$601,1,$T$2:$T$601,T28),"") -> 303.99 | AD28: =IF(S28=1,SUMIFS($N$2:$N$601,$S$2:$S$601,1,$T$2:$T$601,T28,$B$2:$B$601,B28),"") -> 25.3 | AE28: =IF(S28=1,SUMIFS($N$2:$N$601,$S$2:$S$601,1,$T$2:$T$601,T28,$Z$2:$Z$601,"Y"),"") -> 25.3 | AF28: =IF(S28=1,SUMPRODUCT(($S$2:$S$601=1)*($T$2:$T$601=T28)*($Z$2:$Z$601="Y")*($N$2:$N$601)*($AB$2:$AB$601)),"") -> 25.3 | AG28: =IF(AND(S28=1,Z28="Y"),IF(Settings!$B$6="Percentage",IF(AD28=0,0,AC28*AA28*(N28/AD28)),IF(Settings!$B$6="Points",IF(AF28=0,0,AC28*(N28*AB28)/AF28),IF(Settings!$B$6="Equally",IF(AE28=0,0,AC28*N28/AE28),0))),0) -> 65.123549 | AH28: =IF(S28=1,Y28+AG28,"") -> 65.123549 | AI28: =IF(S28=1,IF(COUNTIFS($R$2:R28,R28,$S$2:S28,1)=1,1,0),0) -> 1 | AJ28: =SUM($AI$2:AI28) -> 5
B29: Barista | C29: 19.61 | D29: 46278 | E29: 0.54791667 | G29: 0.77430556 | H29: 5.43 | I29: 0 | J29: 0 | L29: 0.12 | M29: 0 | N29: 5.43 | O29: 733.6 | P29: 60.27 | Q29: 0 | R29: =IF(A29<>"",IF(A29="Total","",A29),IF(D29<>"",R28,"")) -> Fatimah Mahmoud | S29: =IF(AND(D29<>"",A29<>"Total"),1,0) -> 1 | T29: =IF(S29=1, DATE(YEAR(Settings!$B$3), MONTH(D29), DAY(D29)), "") -> 46278 | U29: =IF(S29=1,IFERROR(INDEX(Settings!$B$12:$B$41,MATCH($B29,Settings!$A$12:$A$41,0)),"N"),"") -> N | V29: =IF(S29=1,IFERROR(INDEX(Settings!$C$12:$C$41,MATCH($B29,Settings!$A$12:$A$41,0)),""),"") -> % of Tips | W29: =IF(S29=1,IFERROR(INDEX(Settings!$D$12:$D$41,MATCH($B29,Settings!$A$12:$A$41,0)),0),0) -> 0 | X29: =IF(AND(S29=1,U29="Y"),IF(V29="% of Sales",O29*W29,IF(V29="% of Tips",P29*W29,0)),0) -> 0 | Y29: =IF(S29=1,P29-X29,"") -> 60.27 | Z29: =IF(S29=1,IFERROR(INDEX(Settings!$E$12:$E$41,MATCH($B29,Settings!$A$12:$A$41,0)),"N"),"") -> Y | AA29: =IF(S29=1,IFERROR(INDEX(Settings!$F$12:$F$41,MATCH($B29,Settings!$A$12:$A$41,0)),0),0) -> 1 | AB29: =IF(S29=1,IFERROR(INDEX(Settings!$G$12:$G$41,MATCH($B29,Settings!$A$12:$A$41,0)),0),0) -> 1 | AC29: =IF(S29=1,SUMIFS($X$2:$X$601,$S$2:$S$601,1,$T$2:$T$601,T29),"") -> 242.76 | AD29: =IF(S29=1,SUMIFS($N$2:$N$601,$S$2:$S$601,1,$T$2:$T$601,T29,$B$2:$B$601,B29),"") -> 20.37 | AE29: =IF(S29=1,SUMIFS($N$2:$N$601,$S$2:$S$601,1,$T$2:$T$601,T29,$Z$2:$Z$601,"Y"),"") -> 20.37 | AF29: =IF(S29=1,SUMPRODUCT(($S$2:$S$601=1)*($T$2:$T$601=T29)*($Z$2:$Z$601="Y")*($N$2:$N$601)*($AB$2:$AB$601)),"") -> 20.37 | AG29: =IF(AND(S29=1,Z29="Y"),IF(Settings!$B$6="Percentage",IF(AD29=0,0,AC29*AA29*(N29/AD29)),IF(Settings!$B$6="Points",IF(AF29=0,0,AC29*(N29*AB29)/AF29),IF(Settings!$B$6="Equally",IF(AE29=0,0,AC29*N29/AE29),0))),0) -> 64.712165 | AH29: =IF(S29=1,Y29+AG29,"") -> 124.98216 | AI29: =IF(S29=1,IF(COUNTIFS($R$2:R29,R29,$S$2:S29,1)=1,1,0),0) -> 0 | AJ29: =SUM($AI$2:AI29) -> 5
A30: Total | H30: 10.85 | I30: 0 | J30: 0 | K30: 0 | L30: 0.29 | M30: 0 | N30: 10.85 | O30: 733.6 | P30: 60.27 | Q30: 0 | R30: =IF(A30<>"",IF(A30="Total","",A30),IF(D30<>"",R29,"")) | S30: =IF(AND(D30<>"",A30<>"Total"),1,0) -> 0 | T30: =IF(S30=1, DATE(YEAR(Settings!$B$3), MONTH(D30), DAY(D30)), "") | U30: =IF(S30=1,IFERROR(INDEX(Settings!$B$12:$B$41,MATCH($B30,Settings!$A$12:$A$41,0)),"N"),"") | V30: =IF(S30=1,IFERROR(INDEX(Settings!$C$12:$C$41,MATCH($B30,Settings!$A$12:$A$41,0)),""),"") | W30: =IF(S30=1,IFERROR(INDEX(Settings!$D$12:$D$41,MATCH($B30,Settings!$A$12:$A$41,0)),0),0) -> 0 | X30: =IF(AND(S30=1,U30="Y"),IF(V30="% of Sales",O30*W30,IF(V30="% of Tips",P30*W30,0)),0) -> 0 | Y30: =IF(S30=1,P30-X30,"") | Z30: =IF(S30=1,IFERROR(INDEX(Settings!$E$12:$E$41,MATCH($B30,Settings!$A$12:$A$41,0)),"N"),"") | AA30: =IF(S30=1,IFERROR(INDEX(Settings!$F$12:$F$41,MATCH($B30,Settings!$A$12:$A$41,0)),0),0) -> 0 | AB30: =IF(S30=1,IFERROR(INDEX(Settings!$G$12:$G$41,MATCH($B30,Settings!$A$12:$A$41,0)),0),0) -> 0 | AC30: =IF(S30=1,SUMIFS($X$2:$X$601,$S$2:$S$601,1,$T$2:$T$601,T30),"") | AD30: =IF(S30=1,SUMIFS($N$2:$N$601,$S$2:$S$601,1,$T$2:$T$601,T30,$B$2:$B$601,B30),"") | AE30: =IF(S30=1,SUMIFS($N$2:$N$601,$S$2:$S$601,1,$T$2:$T$601,T30,$Z$2:$Z$601,"Y"),"") | AF30: =IF(S30=1,SUMPRODUCT(($S$2:$S$601=1)*($T$2:$T$601=T30)*($Z$2:$Z$601="Y")*($N$2:$N$601)*($AB$2:$AB$601)),"") | AG30: =IF(AND(S30=1,Z30="Y"),IF(Settings!$B$6="Percentage",IF(AD30=0,0,AC30*AA30*(N30/AD30)),IF(Settings!$B$6="Points",IF(AF30=0,0,AC30*(N30*AB30)/AF30),IF(Settings!$B$6="Equally",IF(AE30=0,0,AC30*N30/AE30),0))),0) -> 0 | AH30: =IF(S30=1,Y30+AG30,"") | AI30: =IF(S30=1,IF(COUNTIFS($R$2:R30,R30,$S$2:S30,1)=1,1,0),0) -> 0 | AJ30: =SUM($AI$2:AI30) -> 5
R31: =IF(A31<>"",IF(A31="Total","",A31),IF(D31<>"",R30,"")) | S31: =IF(AND(D31<>"",A31<>"Total"),1,0) -> 0 | T31: =IF(S31=1, DATE(YEAR(Settings!$B$3), MONTH(D31), DAY(D31)), "") | U31: =IF(S31=1,IFERROR(INDEX(Settings!$B$12:$B$41,MATCH($B31,Settings!$A$12:$A$41,0)),"N"),"") | V31: =IF(S31=1,IFERROR(INDEX(Settings!$C$12:$C$41,MATCH($B31,Settings!$A$12:$A$41,0)),""),"") | W31: =IF(S31=1,IFERROR(INDEX(Settings!$D$12:$D$41,MATCH($B31,Settings!$A$12:$A$41,0)),0),0) -> 0 | X31: =IF(AND(S31=1,U31="Y"),IF(V31="% of Sales",O31*W31,IF(V31="% of Tips",P31*W31,0)),0) -> 0 | Y31: =IF(S31=1,P31-X31,"") | Z31: =IF(S31=1,IFERROR(INDEX(Settings!$E$12:$E$41,MATCH($B31,Settings!$A$12:$A$41,0)),"N"),"") | AA31: =IF(S31=1,IFERROR(INDEX(Settings!$F$12:$F$41,MATCH($B31,Settings!$A$12:$A$41,0)),0),0) -> 0 | AB31: =IF(S31=1,IFERROR(INDEX(Settings!$G$12:$G$41,MATCH($B31,Settings!$A$12:$A$41,0)),0),0) -> 0 | AC31: =IF(S31=1,SUMIFS($X$2:$X$601,$S$2:$S$601,1,$T$2:$T$601,T31),"") | AD31: =IF(S31=1,SUMIFS($N$2:$N$601,$S$2:$S$601,1,$T$2:$T$601,T31,$B$2:$B$601,B31),"") | AE31: =IF(S31=1,SUMIFS($N$2:$N$601,$S$2:$S$601,1,$T$2:$T$601,T31,$Z$2:$Z$601,"Y"),"") | AF31: =IF(S31=1,SUMPRODUCT(($S$2:$S$601=1)*($T$2:$T$601=T31)*($Z$2:$Z$601="Y")*($N$2:$N$601)*($AB$2:$AB$601)),"") | AG31: =IF(AND(S31=1,Z31="Y"),IF(Settings!$B$6="Percentage",IF(AD31=0,0,AC31*AA31*(N31/AD31)),IF(Settings!$B$6="Points",IF(AF31=0,0,AC31*(N31*AB31)/AF31),IF(Settings!$B$6="Equally",IF(AE31=0,0,AC31*N31/AE31),0))),0) -> 0 | AH31: =IF(S31=1,Y31+AG31,"") | AI31: =IF(S31=1,IF(COUNTIFS($R$2:R31,R31,$S$2:S31,1)=1,1,0),0) -> 0 | AJ31: =SUM($AI$2:AI31) -> 5
A32: Ryan Chan | B32: Barista | C32: 19.61 | D32: 46274 | E32: 0.39583333 | G32: 0.58611111 | H32: 4.57 | I32: 0 | J32: 0 | L32: 0.17 | M32: 0 | N32: 4.57 | O32: 121.58 | P32: 10.34 | Q32: 0 | R32: =IF(A32<>"",IF(A32="Total","",A32),IF(D32<>"",R31,"")) -> Ryan Chan | S32: =IF(AND(D32<>"",A32<>"Total"),1,0) -> 1 | T32: =IF(S32=1, DATE(YEAR(Settings!$B$3), MONTH(D32), DAY(D32)), "") -> 46274 | U32: =IF(S32=1,IFERROR(INDEX(Settings!$B$12:$B$41,MATCH($B32,Settings!$A$12:$A$41,0)),"N"),"") -> N | V32: =IF(S32=1,IFERROR(INDEX(Settings!$C$12:$C$41,MATCH($B32,Settings!$A$12:$A$41,0)),""),"") -> % of Tips | W32: =IF(S32=1,IFERROR(INDEX(Settings!$D$12:$D$41,MATCH($B32,Settings!$A$12:$A$41,0)),0),0) -> 0 | X32: =IF(AND(S32=1,U32="Y"),IF(V32="% of Sales",O32*W32,IF(V32="% of Tips",P32*W32,0)),0) -> 0 | Y32: =IF(S32=1,P32-X32,"") -> 10.34 | Z32: =IF(S32=1,IFERROR(INDEX(Settings!$E$12:$E$41,MATCH($B32,Settings!$A$12:$A$41,0)),"N"),"") -> Y | AA32: =IF(S32=1,IFERROR(INDEX(Settings!$F$12:$F$41,MATCH($B32,Settings!$A$12:$A$41,0)),0),0) -> 1 | AB32: =IF(S32=1,IFERROR(INDEX(Settings!$G$12:$G$41,MATCH($B32,Settings!$A$12:$A$41,0)),0),0) -> 1 | AC32: =IF(S32=1,SUMIFS($X$2:$X$601,$S$2:$S$601,1,$T$2:$T$601,T32),"") -> 104.42 | AD32: =IF(S32=1,SUMIFS($N$2:$N$601,$S$2:$S$601,1,$T$2:$T$601,T32,$B$2:$B$601,B32),"") -> 10.98 | AE32: =IF(S32=1,SUMIFS($N$2:$N$601,$S$2:$S$601,1,$T$2:$T$601,T32,$Z$2:$Z$601,"Y"),"") -> 10.98 | AF32: =IF(S32=1,SUMPRODUCT(($S$2:$S$601=1)*($T$2:$T$601=T32)*($Z$2:$Z$601="Y")*($N$2:$N$601)*($AB$2:$AB$601)),"") -> 10.98 | AG32: =IF(AND(S32=1,Z32="Y"),IF(Settings!$B$6="Percentage",IF(AD32=0,0,AC32*AA32*(N32/AD32)),IF(Settings!$B$6="Points",IF(AF32=0,0,AC32*(N32*AB32)/AF32),IF(Settings!$B$6="Equally",IF(AE32=0,0,AC32*N32/AE32),0))),0) -> 43.460783 | AH32: =IF(S32=1,Y32+AG32,"") -> 53.800783 | AI32: =IF(S32=1,IF(COUNTIFS($R$2:R32,R32,$S$2:S32,1)=1,1,0),0) -> 1 | AJ32: =SUM($AI$2:AI32) -> 6
B33: Barista | C33: 19.61 | D33: 46275 | E33: 0.42916667 | G33: 0.73263889 | H33: 6.79 | I33: 0 | J33: 0 | L33: 0.17 | M33: 0.5 | N33: 6.79 | O33: 588.31 | P33: 41.39 | Q33: 0 | R33: =IF(A33<>"",IF(A33="Total","",A33),IF(D33<>"",R32,"")) -> Ryan Chan | S33: =IF(AND(D33<>"",A33<>"Total"),1,0) -> 1 | T33: =IF(S33=1, DATE(YEAR(Settings!$B$3), MONTH(D33), DAY(D33)), "") -> 46275 | U33: =IF(S33=1,IFERROR(INDEX(Settings!$B$12:$B$41,MATCH($B33,Settings!$A$12:$A$41,0)),"N"),"") -> N | V33: =IF(S33=1,IFERROR(INDEX(Settings!$C$12:$C$41,MATCH($B33,Settings!$A$12:$A$41,0)),""),"") -> % of Tips | W33: =IF(S33=1,IFERROR(INDEX(Settings!$D$12:$D$41,MATCH($B33,Settings!$A$12:$A$41,0)),0),0) -> 0 | X33: =IF(AND(S33=1,U33="Y"),IF(V33="% of Sales",O33*W33,IF(V33="% of Tips",P33*W33,0)),0) -> 0 | Y33: =IF(S33=1,P33-X33,"") -> 41.39 | Z33: =IF(S33=1,IFERROR(INDEX(Settings!$E$12:$E$41,MATCH($B33,Settings!$A$12:$A$41,0)),"N"),"") -> Y | AA33: =IF(S33=1,IFERROR(INDEX(Settings!$F$12:$F$41,MATCH($B33,Settings!$A$12:$A$41,0)),0),0) -> 1 | AB33: =IF(S33=1,IFERROR(INDEX(Settings!$G$12:$G$41,MATCH($B33,Settings!$A$12:$A$41,0)),0),0) -> 1 | AC33: =IF(S33=1,SUMIFS($X$2:$X$601,$S$2:$S$601,1,$T$2:$T$601,T33),"") -> 54.83 | AD33: =IF(S33=1,SUMIFS($N$2:$N$601,$S$2:$S$601,1,$T$2:$T$601,T33,$B$2:$B$601,B33),"") -> 6.79 | AE33: =IF(S33=1,SUMIFS($N$2:$N$601,$S$2:$S$601,1,$T$2:$T$601,T33,$Z$2:$Z$601,"Y"),"") -> 6.79 | AF33: =IF(S33=1,SUMPRODUCT(($S$2:$S$601=1)*($T$2:$T$601=T33)*($Z$2:$Z$601="Y")*($N$2:$N$601)*($AB$2:$AB$601)),"") -> 6.79 | AG33: =IF(AND(S33=1,Z33="Y"),IF(Settings!$B$6="Percentage",IF(AD33=0,0,AC33*AA33*(N33/AD33)),IF(Settings!$B$6="Points",IF(AF33=0,0,AC33*(N33*AB33)/AF33),IF(Settings!$B$6="Equally",IF(AE33=0,0,AC33*N33/AE33),0))),0) -> 54.83 | AH33: =IF(S33=1,Y33+AG33,"") -> 96.22 | AI33: =IF(S33=1,IF(COUNTIFS($R$2:R33,R33,$S$2:S33,1)=1,1,0),0) -> 0 | AJ33: =SUM($AI$2:AI33) -> 6
B34: Barista | C34: 19.61 | D34: 46276 | E34: 0.38263889 | G34: 0.625 | H34: 5.3 | I34: 0 | J34: 0 | L34: 0.17 | M34: 0.52 | N34: 5.3 | O34: 437.11 | P34: 32.45 | Q34: 0 | R34: =IF(A34<>"",IF(A34="Total","",A34),IF(D34<>"",R33,"")) -> Ryan Chan | S34: =IF(AND(D34<>"",A34<>"Total"),1,0) -> 1 | T34: =IF(S34=1, DATE(YEAR(Settings!$B$3), MONTH(D34), DAY(D34)), "") -> 46276 | U34: =IF(S34=1,IFERROR(INDEX(Settings!$B$12:$B$41,MATCH($B34,Settings!$A$12:$A$41,0)),"N"),"") -> N | V34: =IF(S34=1,IFERROR(INDEX(Settings!$C$12:$C$41,MATCH($B34,Settings!$A$12:$A$41,0)),""),"") -> % of Tips | W34: =IF(S34=1,IFERROR(INDEX(Settings!$D$12:$D$41,MATCH($B34,Settings!$A$12:$A$41,0)),0),0) -> 0 | X34: =IF(AND(S34=1,U34="Y"),IF(V34="% of Sales",O34*W34,IF(V34="% of Tips",P34*W34,0)),0) -> 0 | Y34: =IF(S34=1,P34-X34,"") -> 32.45 | Z34: =IF(S34=1,IFERROR(INDEX(Settings!$E$12:$E$41,MATCH($B34,Settings!$A$12:$A$41,0)),"N"),"") -> Y | AA34: =IF(S34=1,IFERROR(INDEX(Settings!$F$12:$F$41,MATCH($B34,Settings!$A$12:$A$41,0)),0),0) -> 1 | AB34: =IF(S34=1,IFERROR(INDEX(Settings!$G$12:$G$41,MATCH($B34,Settings!$A$12:$A$41,0)),0),0) -> 1 | AC34: =IF(S34=1,SUMIFS($X$2:$X$601,$S$2:$S$601,1,$T$2:$T$601,T34),"") -> 87.71 | AD34: =IF(S34=1,SUMIFS($N$2:$N$601,$S$2:$S$601,1,$T$2:$T$601,T34,$B$2:$B$601,B34),"") -> 15.74 | AE34: =IF(S34=1,SUMIFS($N$2:$N$601,$S$2:$S$601,1,$T$2:$T$601,T34,$Z$2:$Z$601,"Y"),"") -> 15.74 | AF34: =IF(S34=1,SUMPRODUCT(($S$2:$S$601=1)*($T$2:$T$601=T34)*($Z$2:$Z$601="Y")*($N$2:$N$601)*($AB$2:$AB$601)),"") -> 15.74 | AG34: =IF(AND(S34=1,Z34="Y"),IF(Settings!$B$6="Percentage",IF(AD34=0,0,AC34*AA34*(N34/AD34)),IF(Settings!$B$6="Points",IF(AF34=0,0,AC34*(N34*AB34)/AF34),IF(Settings!$B$6="Equally",IF(AE34=0,0,AC34*N34/AE34),0))),0) -> 29.533863 | AH34: =IF(S34=1,Y34+AG34,"") -> 61.983863 | AI34: =IF(S34=1,IF(COUNTIFS($R$2:R34,R34,$S$2:S34,1)=1,1,0),0) -> 0 | AJ34: =SUM($AI$2:AI34) -> 6
B35: Barista | C35: 19.61 | D35: 46277 | E35: 0.38958333 | G35: 0.70138889 | H35: 7 | I35: 0 | J35: 0 | L35: 0.34 | M35: 0.5 | N35: 7 | O35: 967.35 | P35: 74.31 | Q35: 0 | R35: =IF(A35<>"",IF(A35="Total","",A35),IF(D35<>"",R34,"")) -> Ryan Chan | S35: =IF(AND(D35<>"",A35<>"Total"),1,0) -> 1 | T35: =IF(S35=1, DATE(YEAR(Settings!$B$3), MONTH(D35), DAY(D35)), "") -> 46277 | U35: =IF(S35=1,IFERROR(INDEX(Settings!$B$12:$B$41,MATCH($B35,Settings!$A$12:$A$41,0)),"N"),"") -> N | V35: =IF(S35=1,IFERROR(INDEX(Settings!$C$12:$C$41,MATCH($B35,Settings!$A$12:$A$41,0)),""),"") -> % of Tips | W35: =IF(S35=1,IFERROR(INDEX(Settings!$D$12:$D$41,MATCH($B35,Settings!$A$12:$A$41,0)),0),0) -> 0 | X35: =IF(AND(S35=1,U35="Y"),IF(V35="% of Sales",O35*W35,IF(V35="% of Tips",P35*W35,0)),0) -> 0 | Y35: =IF(S35=1,P35-X35,"") -> 74.31 | Z35: =IF(S35=1,IFERROR(INDEX(Settings!$E$12:$E$41,MATCH($B35,Settings!$A$12:$A$41,0)),"N"),"") -> Y | AA35: =IF(S35=1,IFERROR(INDEX(Settings!$F$12:$F$41,MATCH($B35,Settings!$A$12:$A$41,0)),0),0) -> 1 | AB35: =IF(S35=1,IFERROR(INDEX(Settings!$G$12:$G$41,MATCH($B35,Settings!$A$12:$A$41,0)),0),0) -> 1 | AC35: =IF(S35=1,SUMIFS($X$2:$X$601,$S$2:$S$601,1,$T$2:$T$601,T35),"") -> 220.79 | AD35: =IF(S35=1,SUMIFS($N$2:$N$601,$S$2:$S$601,1,$T$2:$T$601,T35,$B$2:$B$601,B35),"") -> 24.11 | AE35: =IF(S35=1,SUMIFS($N$2:$N$601,$S$2:$S$601,1,$T$2:$T$601,T35,$Z$2:$Z$601,"Y"),"") -> 24.11 | AF35: =IF(S35=1,SUMPRODUCT(($S$2:$S$601=1)*($T$2:$T$601=T35)*($Z$2:$Z$601="Y")*($N$2:$N$601)*($AB$2:$AB$601)),"") -> 24.11 | AG35: =IF(AND(S35=1,Z35="Y"),IF(Settings!$B$6="Percentage",IF(AD35=0,0,AC35*AA35*(N35/AD35)),IF(Settings!$B$6="Points",IF(AF35=0,0,AC35*(N35*AB35)/AF35),IF(Settings!$B$6="Equally",IF(AE35=0,0,AC35*N35/AE35),0))),0) -> 64.103277 | AH35: =IF(S35=1,Y35+AG35,"") -> 138.41328 | AI35: =IF(S35=1,IF(COUNTIFS($R$2:R35,R35,$S$2:S35,1)=1,1,0),0) -> 0 | AJ35: =SUM($AI$2:AI35) -> 6
B36: Barista | C36: 19.61 | D36: 46278 | E36: 0.375 | G36: 0.58541667 | H36: 5.06 | I36: 0 | J36: 0 | L36: 0.17 | M36: 0 | N36: 5.06 | O36: 0 | P36: 0 | Q36: 0 | R36: =IF(A36<>"",IF(A36="Total","",A36),IF(D36<>"",R35,"")) -> Ryan Chan | S36: =IF(AND(D36<>"",A36<>"Total"),1,0) -> 1 | T36: =IF(S36=1, DATE(YEAR(Settings!$B$3), MONTH(D36), DAY(D36)), "") -> 46278 | U36: =IF(S36=1,IFERROR(INDEX(Settings!$B$12:$B$41,MATCH($B36,Settings!$A$12:$A$41,0)),"N"),"") -> N | V36: =IF(S36=1,IFERROR(INDEX(Settings!$C$12:$C$41,MATCH($B36,Settings!$A$12:$A$41,0)),""),"") -> % of Tips | W36: =IF(S36=1,IFERROR(INDEX(Settings!$D$12:$D$41,MATCH($B36,Settings!$A$12:$A$41,0)),0),0) -> 0 | X36: =IF(AND(S36=1,U36="Y"),IF(V36="% of Sales",O36*W36,IF(V36="% of Tips",P36*W36,0)),0) -> 0 | Y36: =IF(S36=1,P36-X36,"") -> 0 | Z36: =IF(S36=1,IFERROR(INDEX(Settings!$E$12:$E$41,MATCH($B36,Settings!$A$12:$A$41,0)),"N"),"") -> Y | AA36: =IF(S36=1,IFERROR(INDEX(Settings!$F$12:$F$41,MATCH($B36,Settings!$A$12:$A$41,0)),0),0) -> 1 | AB36: =IF(S36=1,IFERROR(INDEX(Settings!$G$12:$G$41,MATCH($B36,Settings!$A$12:$A$41,0)),0),0) -> 1 | AC36: =IF(S36=1,SUMIFS($X$2:$X$601,$S$2:$S$601,1,$T$2:$T$601,T36),"") -> 242.76 | AD36: =IF(S36=1,SUMIFS($N$2:$N$601,$S$2:$S$601,1,$T$2:$T$601,T36,$B$2:$B$601,B36),"") -> 20.37 | AE36: =IF(S36=1,SUMIFS($N$2:$N$601,$S$2:$S$601,1,$T$2:$T$601,T36,$Z$2:$Z$601,"Y"),"") -> 20.37 | AF36: =IF(S36=1,SUMPRODUCT(($S$2:$S$601=1)*($T$2:$T$601=T36)*($Z$2:$Z$601="Y")*($N$2:$N$601)*($AB$2:$AB$601)),"") -> 20.37 | AG36: =IF(AND(S36=1,Z36="Y"),IF(Settings!$B$6="Percentage",IF(AD36=0,0,AC36*AA36*(N36/AD36)),IF(Settings!$B$6="Points",IF(AF36=0,0,AC36*(N36*AB36)/AF36),IF(Settings!$B$6="Equally",IF(AE36=0,0,AC36*N36/AE36),0))),0) -> 60.30268 | AH36: =IF(S36=1,Y36+AG36,"") -> 60.30268 | AI36: =IF(S36=1,IF(COUNTIFS($R$2:R36,R36,$S$2:S36,1)=1,1,0),0) -> 0 | AJ36: =SUM($AI$2:AI36) -> 6
B37: Barista | C37: 19.61 | D37: 46281 | E37: 0.38819444 | G37: 0.56944444 | H37: 4.35 | I37: 0 | J37: 0 | L37: 0.17 | M37: 0 | N37: 4.35 | O37: 355.5 | P37: 23.99 | Q37: 0 | R37: =IF(A37<>"",IF(A37="Total","",A37),IF(D37<>"",R36,"")) -> Ryan Chan | S37: =IF(AND(D37<>"",A37<>"Total"),1,0) -> 1 | T37: =IF(S37=1, DATE(YEAR(Settings!$B$3), MONTH(D37), DAY(D37)), "") -> 46281 | U37: =IF(S37=1,IFERROR(INDEX(Settings!$B$12:$B$41,MATCH($B37,Settings!$A$12:$A$41,0)),"N"),"") -> N | V37: =IF(S37=1,IFERROR(INDEX(Settings!$C$12:$C$41,MATCH($B37,Settings!$A$12:$A$41,0)),""),"") -> % of Tips | W37: =IF(S37=1,IFERROR(INDEX(Settings!$D$12:$D$41,MATCH($B37,Settings!$A$12:$A$41,0)),0),0) -> 0 | X37: =IF(AND(S37=1,U37="Y"),IF(V37="% of Sales",O37*W37,IF(V37="% of Tips",P37*W37,0)),0) -> 0 | Y37: =IF(S37=1,P37-X37,"") -> 23.99 | Z37: =IF(S37=1,IFERROR(INDEX(Settings!$E$12:$E$41,MATCH($B37,Settings!$A$12:$A$41,0)),"N"),"") -> Y | AA37: =IF(S37=1,IFERROR(INDEX(Settings!$F$12:$F$41,MATCH($B37,Settings!$A$12:$A$41,0)),0),0) -> 1 | AB37: =IF(S37=1,IFERROR(INDEX(Settings!$G$12:$G$41,MATCH($B37,Settings!$A$12:$A$41,0)),0),0) -> 1 | AC37: =IF(S37=1,SUMIFS($X$2:$X$601,$S$2:$S$601,1,$T$2:$T$601,T37),"") -> 81.58 | AD37: =IF(S37=1,SUMIFS($N$2:$N$601,$S$2:$S$601,1,$T$2:$T$601,T37,$B$2:$B$601,B37),"") -> 8.65 | AE37: =IF(S37=1,SUMIFS($N$2:$N$601,$S$2:$S$601,1,$T$2:$T$601,T37,$Z$2:$Z$601,"Y"),"") -> 8.65 | AF37: =IF(S37=1,SUMPRODUCT(($S$2:$S$601=1)*($T$2:$T$601=T37)*($Z$2:$Z$601="Y")*($N$2:$N$601)*($AB$2:$AB$601)),"") -> 8.65 | AG37: =IF(AND(S37=1,Z37="Y"),IF(Settings!$B$6="Percentage",IF(AD37=0,0,AC37*AA37*(N37/AD37)),IF(Settings!$B$6="Points",IF(AF37=0,0,AC37*(N37*AB37)/AF37),IF(Settings!$B$6="Equally",IF(AE37=0,0,AC37*N37/AE37),0))),0) -> 41.02578 | AH37: =IF(S37=1,Y37+AG37,"") -> 65.01578 | AI37: =IF(S37=1,IF(COUNTIFS($R$2:R37,R37,$S$2:S37,1)=1,1,0),0) -> 0 | AJ37: =SUM($AI$2:AI37) -> 6
B38: Barista | C38: 19.61 | D38: 46282 | E38: 0.5625 | G38: 0.73055556 | H38: 4.04 | I38: 0 | J38: 0 | L38: 0.17 | M38: 0 | N38: 4.04 | O38: 311.23 | P38: 14.09 | Q38: 0 | R38: =IF(A38<>"",IF(A38="Total","",A38),IF(D38<>"",R37,"")) -> Ryan Chan | S38: =IF(AND(D38<>"",A38<>"Total"),1,0) -> 1 | T38: =IF(S38=1, DATE(YEAR(Settings!$B$3), MONTH(D38), DAY(D38)), "") -> 46282 | U38: =IF(S38=1,IFERROR(INDEX(Settings!$B$12:$B$41,MATCH($B38,Settings!$A$12:$A$41,0)),"N"),"") -> N | V38: =IF(S38=1,IFERROR(INDEX(Settings!$C$12:$C$41,MATCH($B38,Settings!$A$12:$A$41,0)),""),"") -> % of Tips | W38: =IF(S38=1,IFERROR(INDEX(Settings!$D$12:$D$41,MATCH($B38,Settings!$A$12:$A$41,0)),0),0) -> 0 | X38: =IF(AND(S38=1,U38="Y"),IF(V38="% of Sales",O38*W38,IF(V38="% of Tips",P38*W38,0)),0) -> 0 | Y38: =IF(S38=1,P38-X38,"") -> 14.09 | Z38: =IF(S38=1,IFERROR(INDEX(Settings!$E$12:$E$41,MATCH($B38,Settings!$A$12:$A$41,0)),"N"),"") -> Y | AA38: =IF(S38=1,IFERROR(INDEX(Settings!$F$12:$F$41,MATCH($B38,Settings!$A$12:$A$41,0)),0),0) -> 1 | AB38: =IF(S38=1,IFERROR(INDEX(Settings!$G$12:$G$41,MATCH($B38,Settings!$A$12:$A$41,0)),0),0) -> 1 | AC38: =IF(S38=1,SUMIFS($X$2:$X$601,$S$2:$S$601,1,$T$2:$T$601,T38),"") -> 72.78 | AD38: =IF(S38=1,SUMIFS($N$2:$N$601,$S$2:$S$601,1,$T$2:$T$601,T38,$B$2:$B$601,B38),"") -> 8.07 | AE38: =IF(S38=1,SUMIFS($N$2:$N$601,$S$2:$S$601,1,$T$2:$T$601,T38,$Z$2:$Z$601,"Y"),"") -> 8.07 | AF38: =IF(S38=1,SUMPRODUCT(($S$2:$S$601=1)*($T$2:$T$601=T38)*($Z$2:$Z$601="Y")*($N$2:$N$601)*($AB$2:$AB$601)),"") -> 8.07 | AG38: =IF(AND(S38=1,Z38="Y"),IF(Settings!$B$6="Percentage",IF(AD38=0,0,AC38*AA38*(N38/AD38)),IF(Settings!$B$6="Points",IF(AF38=0,0,AC38*(N38*AB38)/AF38),IF(Settings!$B$6="Equally",IF(AE38=0,0,AC38*N38/AE38),0))),0) -> 36.435093 | AH38: =IF(S38=1,Y38+AG38,"") -> 50.525093 | AI38: =IF(S38=1,IF(COUNTIFS($R$2:R38,R38,$S$2:S38,1)=1,1,0),0) -> 0 | AJ38: =SUM($AI$2:AI38) -> 6
B39: Barista | C39: 19.61 | D39: 46283 | E39: 0.39305556 | G39: 0.58472222 | H39: 4.58 | I39: 0 | J39: 0 | L39: 0.17 | M39: 0.02 | N39: 4.58 | O39: 141.05 | P39: 8.6 | Q39: 0 | R39: =IF(A39<>"",IF(A39="Total","",A39),IF(D39<>"",R38,"")) -> Ryan Chan | S39: =IF(AND(D39<>"",A39<>"Total"),1,0) -> 1 | T39: =IF(S39=1, DATE(YEAR(Settings!$B$3), MONTH(D39), DAY(D39)), "") -> 46283 | U39: =IF(S39=1,IFERROR(INDEX(Settings!$B$12:$B$41,MATCH($B39,Settings!$A$12:$A$41,0)),"N"),"") -> N | V39: =IF(S39=1,IFERROR(INDEX(Settings!$C$12:$C$41,MATCH($B39,Settings!$A$12:$A$41,0)),""),"") -> % of Tips | W39: =IF(S39=1,IFERROR(INDEX(Settings!$D$12:$D$41,MATCH($B39,Settings!$A$12:$A$41,0)),0),0) -> 0 | X39: =IF(AND(S39=1,U39="Y"),IF(V39="% of Sales",O39*W39,IF(V39="% of Tips",P39*W39,0)),0) -> 0 | Y39: =IF(S39=1,P39-X39,"") -> 8.6 | Z39: =IF(S39=1,IFERROR(INDEX(Settings!$E$12:$E$41,MATCH($B39,Settings!$A$12:$A$41,0)),"N"),"") -> Y | AA39: =IF(S39=1,IFERROR(INDEX(Settings!$F$12:$F$41,MATCH($B39,Settings!$A$12:$A$41,0)),0),0) -> 1 | AB39: =IF(S39=1,IFERROR(INDEX(Settings!$G$12:$G$41,MATCH($B39,Settings!$A$12:$A$41,0)),0),0) -> 1 | AC39: =IF(S39=1,SUMIFS($X$2:$X$601,$S$2:$S$601,1,$T$2:$T$601,T39),"") -> 84.09 | AD39: =IF(S39=1,SUMIFS($N$2:$N$601,$S$2:$S$601,1,$T$2:$T$601,T39,$B$2:$B$601,B39),"") -> 12.5 | AE39: =IF(S39=1,SUMIFS($N$2:$N$601,$S$2:$S$601,1,$T$2:$T$601,T39,$Z$2:$Z$601,"Y"),"") -> 12.5 | AF39: =IF(S39=1,SUMPRODUCT(($S$2:$S$601=1)*($T$2:$T$601=T39)*($Z$2:$Z$601="Y")*($N$2:$N$601)*($AB$2:$AB$601)),"") -> 12.5 | AG39: =IF(AND(S39=1,Z39="Y"),IF(Settings!$B$6="Percentage",IF(AD39=0,0,AC39*AA39*(N39/AD39)),IF(Settings!$B$6="Points",IF(AF39=0,0,AC39*(N39*AB39)/AF39),IF(Settings!$B$6="Equally",IF(AE39=0,0,AC39*N39/AE39),0))),0) -> 30.810576 | AH39: =IF(S39=1,Y39+AG39,"") -> 39.410576 | AI39: =IF(S39=1,IF(COUNTIFS($R$2:R39,R39,$S$2:S39,1)=1,1,0),0) -> 0 | AJ39: =SUM($AI$2:AI39) -> 6
B40: Barista | C40: 19.61 | D40: 46285 | E40: 0.39930556 | G40: 0.58333333 | H40: 4.42 | I40: 0 | J40: 0 | L40: 0.17 | M40: 0 | N40: 4.42 | O40: 0 | P40: 0 | Q40: 0 | R40: =IF(A40<>"",IF(A40="Total","",A40),IF(D40<>"",R39,"")) -> Ryan Chan | S40: =IF(AND(D40<>"",A40<>"Total"),1,0) -> 1 | T40: =IF(S40=1, DATE(YEAR(Settings!$B$3), MONTH(D40), DAY(D40)), "") -> 46285 | U40: =IF(S40=1,IFERROR(INDEX(Settings!$B$12:$B$41,MATCH($B40,Settings!$A$12:$A$41,0)),"N"),"") -> N | V40: =IF(S40=1,IFERROR(INDEX(Settings!$C$12:$C$41,MATCH($B40,Settings!$A$12:$A$41,0)),""),"") -> % of Tips | W40: =IF(S40=1,IFERROR(INDEX(Settings!$D$12:$D$41,MATCH($B40,Settings!$A$12:$A$41,0)),0),0) -> 0 | X40: =IF(AND(S40=1,U40="Y"),IF(V40="% of Sales",O40*W40,IF(V40="% of Tips",P40*W40,0)),0) -> 0 | Y40: =IF(S40=1,P40-X40,"") -> 0 | Z40: =IF(S40=1,IFERROR(INDEX(Settings!$E$12:$E$41,MATCH($B40,Settings!$A$12:$A$41,0)),"N"),"") -> Y | AA40: =IF(S40=1,IFERROR(INDEX(Settings!$F$12:$F$41,MATCH($B40,Settings!$A$12:$A$41,0)),0),0) -> 1 | AB40: =IF(S40=1,IFERROR(INDEX(Settings!$G$12:$G$41,MATCH($B40,Settings!$A$12:$A$41,0)),0),0) -> 1 | AC40: =IF(S40=1,SUMIFS($X$2:$X$601,$S$2:$S$601,1,$T$2:$T$601,T40),"") -> 146.5 | AD40: =IF(S40=1,SUMIFS($N$2:$N$601,$S$2:$S$601,1,$T$2:$T$601,T40,$B$2:$B$601,B40),"") -> 22.34 | AE40: =IF(S40=1,SUMIFS($N$2:$N$601,$S$2:$S$601,1,$T$2:$T$601,T40,$Z$2:$Z$601,"Y"),"") -> 22.34 | AF40: =IF(S40=1,SUMPRODUCT(($S$2:$S$601=1)*($T$2:$T$601=T40)*($Z$2:$Z$601="Y")*($N$2:$N$601)*($AB$2:$AB$601)),"") -> 22.34 | AG40: =IF(AND(S40=1,Z40="Y"),IF(Settings!$B$6="Percentage",IF(AD40=0,0,AC40*AA40*(N40/AD40)),IF(Settings!$B$6="Points",IF(AF40=0,0,AC40*(N40*AB40)/AF40),IF(Settings!$B$6="Equally",IF(AE40=0,0,AC40*N40/AE40),0))),0) -> 28.985228 | AH40: =IF(S40=1,Y40+AG40,"") -> 28.985228 | AI40: =IF(S40=1,IF(COUNTIFS($R$2:R40,R40,$S$2:S40,1)=1,1,0),0) -> 0 | AJ40: =SUM($AI$2:AI40) -> 6
A41: Total | H41: 46.11 | I41: 0 | J41: 0 | K41: 0 | L41: 1.7 | M41: 1.54 | N41: 46.11 | O41: 2922.13 | P41: 205.17 | Q41: 0 | R41: =IF(A41<>"",IF(A41="Total","",A41),IF(D41<>"",R40,"")) | S41: =IF(AND(D41<>"",A41<>"Total"),1,0) -> 0 | T41: =IF(S41=1, DATE(YEAR(Settings!$B$3), MONTH(D41), DAY(D41)), "") | U41: =IF(S41=1,IFERROR(INDEX(Settings!$B$12:$B$41,MATCH($B41,Settings!$A$12:$A$41,0)),"N"),"") | V41: =IF(S41=1,IFERROR(INDEX(Settings!$C$12:$C$41,MATCH($B41,Settings!$A$12:$A$41,0)),""),"") | W41: =IF(S41=1,IFERROR(INDEX(Settings!$D$12:$D$41,MATCH($B41,Settings!$A$12:$A$41,0)),0),0) -> 0 | X41: =IF(AND(S41=1,U41="Y"),IF(V41="% of Sales",O41*W41,IF(V41="% of Tips",P41*W41,0)),0) -> 0 | Y41: =IF(S41=1,P41-X41,"") | Z41: =IF(S41=1,IFERROR(INDEX(Settings!$E$12:$E$41,MATCH($B41,Settings!$A$12:$A$41,0)),"N"),"") | AA41: =IF(S41=1,IFERROR(INDEX(Settings!$F$12:$F$41,MATCH($B41,Settings!$A$12:$A$41,0)),0),0) -> 0 | AB41: =IF(S41=1,IFERROR(INDEX(Settings!$G$12:$G$41,MATCH($B41,Settings!$A$12:$A$41,0)),0),0) -> 0 | AC41: =IF(S41=1,SUMIFS($X$2:$X$601,$S$2:$S$601,1,$T$2:$T$601,T41),"") | AD41: =IF(S41=1,SUMIFS($N$2:$N$601,$S$2:$S$601,1,$T$2:$T$601,T41,$B$2:$B$601,B41),"") | AE41: =IF(S41=1,SUMIFS($N$2:$N$601,$S$2:$S$601,1,$T$2:$T$601,T41,$Z$2:$Z$601,"Y"),"") | AF41: =IF(S41=1,SUMPRODUCT(($S$2:$S$601=1)*($T$2:$T$601=T41)*($Z$2:$Z$601="Y")*($N$2:$N$601)*($AB$2:$AB$601)),"") | AG41: =IF(AND(S41=1,Z41="Y"),IF(Settings!$B$6="Percentage",IF(AD41=0,0,AC41*AA41*(N41/AD41)),IF(Settings!$B$6="Points",IF(AF41=0,0,AC41*(N41*AB41)/AF41),IF(Settings!$B$6="Equally",IF(AE41=0,0,AC41*N41/AE41),0))),0) -> 0 | AH41: =IF(S41=1,Y41+AG41,"") | AI41: =IF(S41=1,IF(COUNTIFS($R$2:R41,R41,$S$2:S41,1)=1,1,0),0) -> 0 | AJ41: =SUM($AI$2:AI41) -> 6
R42: =IF(A42<>"",IF(A42="Total","",A42),IF(D42<>"",R41,"")) | S42: =IF(AND(D42<>"",A42<>"Total"),1,0) -> 0 | T42: =IF(S42=1, DATE(YEAR(Settings!$B$3), MONTH(D42), DAY(D42)), "") | U42: =IF(S42=1,IFERROR(INDEX(Settings!$B$12:$B$41,MATCH($B42,Settings!$A$12:$A$41,0)),"N"),"") | V42: =IF(S42=1,IFERROR(INDEX(Settings!$C$12:$C$41,MATCH($B42,Settings!$A$12:$A$41,0)),""),"") | W42: =IF(S42=1,IFERROR(INDEX(Settings!$D$12:$D$41,MATCH($B42,Settings!$A$12:$A$41,0)),0),0) -> 0 | X42: =IF(AND(S42=1,U42="Y"),IF(V42="% of Sales",O42*W42,IF(V42="% of Tips",P42*W42,0)),0) -> 0 | Y42: =IF(S42=1,P42-X42,"") | Z42: =IF(S42=1,IFERROR(INDEX(Settings!$E$12:$E$41,MATCH($B42,Settings!$A$12:$A$41,0)),"N"),"") | AA42: =IF(S42=1,IFERROR(INDEX(Settings!$F$12:$F$41,MATCH($B42,Settings!$A$12:$A$41,0)),0),0) -> 0 | AB42: =IF(S42=1,IFERROR(INDEX(Settings!$G$12:$G$41,MATCH($B42,Settings!$A$12:$A$41,0)),0),0) -> 0 | AC42: =IF(S42=1,SUMIFS($X$2:$X$601,$S$2:$S$601,1,$T$2:$T$601,T42),"") | AD42: =IF(S42=1,SUMIFS($N$2:$N$601,$S$2:$S$601,1,$T$2:$T$601,T42,$B$2:$B$601,B42),"") | AE42: =IF(S42=1,SUMIFS($N$2:$N$601,$S$2:$S$601,1,$T$2:$T$601,T42,$Z$2:$Z$601,"Y"),"") | AF42: =IF(S42=1,SUMPRODUCT(($S$2:$S$601=1)*($T$2:$T$601=T42)*($Z$2:$Z$601="Y")*($N$2:$N$601)*($AB$2:$AB$601)),"") | AG42: =IF(AND(S42=1,Z42="Y"),IF(Settings!$B$6="Percentage",IF(AD42=0,0,AC42*AA42*(N42/AD42)),IF(Settings!$B$6="Points",IF(AF42=0,0,AC42*(N42*AB42)/AF42),IF(Settings!$B$6="Equally",IF(AE42=0,0,AC42*N42/AE42),0))),0) -> 0 | AH42: =IF(S42=1,Y42+AG42,"") | AI42: =IF(S42=1,IF(COUNTIFS($R$2:R42,R42,$S$2:S42,1)=1,1,0),0) -> 0 | AJ42: =SUM($AI$2:AI42) -> 6
A43: Xiao Lan Wen | B43: Barista | C43: 19.61 | D43: 46277 | E43: 0.52847222 | G43: 0.75833333 | H43: 5.02 | I43: 0 | J43: 0 | L43: 0.17 | M43: 0.5 | N43: 5.02 | O43: 0 | P43: 0 | Q43: 0 | R43: =IF(A43<>"",IF(A43="Total","",A43),IF(D43<>"",R42,"")) -> Xiao Lan Wen | S43: =IF(AND(D43<>"",A43<>"Total"),1,0) -> 1 | T43: =IF(S43=1, DATE(YEAR(Settings!$B$3), MONTH(D43), DAY(D43)), "") -> 46277 | U43: =IF(S43=1,IFERROR(INDEX(Settings!$B$12:$B$41,MATCH($B43,Settings!$A$12:$A$41,0)),"N"),"") -> N | V43: =IF(S43=1,IFERROR(INDEX(Settings!$C$12:$C$41,MATCH($B43,Settings!$A$12:$A$41,0)),""),"") -> % of Tips | W43: =IF(S43=1,IFERROR(INDEX(Settings!$D$12:$D$41,MATCH($B43,Settings!$A$12:$A$41,0)),0),0) -> 0 | X43: =IF(AND(S43=1,U43="Y"),IF(V43="% of Sales",O43*W43,IF(V43="% of Tips",P43*W43,0)),0) -> 0 | Y43: =IF(S43=1,P43-X43,"") -> 0 | Z43: =IF(S43=1,IFERROR(INDEX(Settings!$E$12:$E$41,MATCH($B43,Settings!$A$12:$A$41,0)),"N"),"") -> Y | AA43: =IF(S43=1,IFERROR(INDEX(Settings!$F$12:$F$41,MATCH($B43,Settings!$A$12:$A$41,0)),0),0) -> 1 | AB43: =IF(S43=1,IFERROR(INDEX(Settings!$G$12:$G$41,MATCH($B43,Settings!$A$12:$A$41,0)),0),0) -> 1 | AC43: =IF(S43=1,SUMIFS($X$2:$X$601,$S$2:$S$601,1,$T$2:$T$601,T43),"") -> 220.79 | AD43: =IF(S43=1,SUMIFS($N$2:$N$601,$S$2:$S$601,1,$T$2:$T$601,T43,$B$2:$B$601,B43),"") -> 24.11 | AE43: =IF(S43=1,SUMIFS($N$2:$N$601,$S$2:$S$601,1,$T$2:$T$601,T43,$Z$2:$Z$601,"Y"),"") -> 24.11 | AF43: =IF(S43=1,SUMPRODUCT(($S$2:$S$601=1)*($T$2:$T$601=T43)*($Z$2:$Z$601="Y")*($N$2:$N$601)*($AB$2:$AB$601)),"") -> 24.11 | AG43: =IF(AND(S43=1,Z43="Y"),IF(Settings!$B$6="Percentage",IF(AD43=0,0,AC43*AA43*(N43/AD43)),IF(Settings!$B$6="Points",IF(AF43=0,0,AC43*(N43*AB43)/AF43),IF(Settings!$B$6="Equally",IF(AE43=0,0,AC43*N43/AE43),0))),0) -> 45.971207 | AH43: =IF(S43=1,Y43+AG43,"") -> 45.971207 | AI43: =IF(S43=1,IF(COUNTIFS($R$2:R43,R43,$S$2:S43,1)=1,1,0),0) -> 1 | AJ43: =SUM($AI$2:AI43) -> 7
B44: Barista | C44: 19.61 | D44: 46284 | E44: 0.52083333 | G44: 0.75972222 | H44: 5.74 | I44: 0 | J44: 0 | L44: 0.34 | M44: 0 | N44: 5.74 | O44: 0 | P44: 0 | Q44: 0 | R44: =IF(A44<>"",IF(A44="Total","",A44),IF(D44<>"",R43,"")) -> Xiao Lan Wen | S44: =IF(AND(D44<>"",A44<>"Total"),1,0) -> 1 | T44: =IF(S44=1, DATE(YEAR(Settings!$B$3), MONTH(D44), DAY(D44)), "") -> 46284 | U44: =IF(S44=1,IFERROR(INDEX(Settings!$B$12:$B$41,MATCH($B44,Settings!$A$12:$A$41,0)),"N"),"") -> N | V44: =IF(S44=1,IFERROR(INDEX(Settings!$C$12:$C$41,MATCH($B44,Settings!$A$12:$A$41,0)),""),"") -> % of Tips | W44: =IF(S44=1,IFERROR(INDEX(Settings!$D$12:$D$41,MATCH($B44,Settings!$A$12:$A$41,0)),0),0) -> 0 | X44: =IF(AND(S44=1,U44="Y"),IF(V44="% of Sales",O44*W44,IF(V44="% of Tips",P44*W44,0)),0) -> 0 | Y44: =IF(S44=1,P44-X44,"") -> 0 | Z44: =IF(S44=1,IFERROR(INDEX(Settings!$E$12:$E$41,MATCH($B44,Settings!$A$12:$A$41,0)),"N"),"") -> Y | AA44: =IF(S44=1,IFERROR(INDEX(Settings!$F$12:$F$41,MATCH($B44,Settings!$A$12:$A$41,0)),0),0) -> 1 | AB44: =IF(S44=1,IFERROR(INDEX(Settings!$G$12:$G$41,MATCH($B44,Settings!$A$12:$A$41,0)),0),0) -> 1 | AC44: =IF(S44=1,SUMIFS($X$2:$X$601,$S$2:$S$601,1,$T$2:$T$601,T44),"") -> 190.57 | AD44: =IF(S44=1,SUMIFS($N$2:$N$601,$S$2:$S$601,1,$T$2:$T$601,T44,$B$2:$B$601,B44),"") -> 28 | AE44: =IF(S44=1,SUMIFS($N$2:$N$601,$S$2:$S$601,1,$T$2:$T$601,T44,$Z$2:$Z$601,"Y"),"") -> 28 | AF44: =IF(S44=1,SUMPRODUCT(($S$2:$S$601=1)*($T$2:$T$601=T44)*($Z$2:$Z$601="Y")*($N$2:$N$601)*($AB$2:$AB$601)),"") -> 28 | AG44: =IF(AND(S44=1,Z44="Y"),IF(Settings!$B$6="Percentage",IF(AD44=0,0,AC44*AA44*(N44/AD44)),IF(Settings!$B$6="Points",IF(AF44=0,0,AC44*(N44*AB44)/AF44),IF(Settings!$B$6="Equally",IF(AE44=0,0,AC44*N44/AE44),0))),0) -> 39.06685 | AH44: =IF(S44=1,Y44+AG44,"") -> 39.06685 | AI44: =IF(S44=1,IF(COUNTIFS($R$2:R44,R44,$S$2:S44,1)=1,1,0),0) -> 0 | AJ44: =SUM($AI$2:AI44) -> 7
A45: Total | H45: 10.76 | I45: 0 | J45: 0 | K45: 0 | L45: 0.51 | M45: 0.5 | N45: 10.76 | O45: 0 | P45: 0 | Q45: 0 | R45: =IF(A45<>"",IF(A45="Total","",A45),IF(D45<>"",R44,"")) | S45: =IF(AND(D45<>"",A45<>"Total"),1,0) -> 0 | T45: =IF(S45=1, DATE(YEAR(Settings!$B$3), MONTH(D45), DAY(D45)), "") | U45: =IF(S45=1,IFERROR(INDEX(Settings!$B$12:$B$41,MATCH($B45,Settings!$A$12:$A$41,0)),"N"),"") | V45: =IF(S45=1,IFERROR(INDEX(Settings!$C$12:$C$41,MATCH($B45,Settings!$A$12:$A$41,0)),""),"") | W45: =IF(S45=1,IFERROR(INDEX(Settings!$D$12:$D$41,MATCH($B45,Settings!$A$12:$A$41,0)),0),0) -> 0 | X45: =IF(AND(S45=1,U45="Y"),IF(V45="% of Sales",O45*W45,IF(V45="% of Tips",P45*W45,0)),0) -> 0 | Y45: =IF(S45=1,P45-X45,"") | Z45: =IF(S45=1,IFERROR(INDEX(Settings!$E$12:$E$41,MATCH($B45,Settings!$A$12:$A$41,0)),"N"),"") | AA45: =IF(S45=1,IFERROR(INDEX(Settings!$F$12:$F$41,MATCH($B45,Settings!$A$12:$A$41,0)),0),0) -> 0 | AB45: =IF(S45=1,IFERROR(INDEX(Settings!$G$12:$G$41,MATCH($B45,Settings!$A$12:$A$41,0)),0),0) -> 0 | AC45: =IF(S45=1,SUMIFS($X$2:$X$601,$S$2:$S$601,1,$T$2:$T$601,T45),"") | AD45: =IF(S45=1,SUMIFS($N$2:$N$601,$S$2:$S$601,1,$T$2:$T$601,T45,$B$2:$B$601,B45),"") | AE45: =IF(S45=1,SUMIFS($N$2:$N$601,$S$2:$S$601,1,$T$2:$T$601,T45,$Z$2:$Z$601,"Y"),"") | AF45: =IF(S45=1,SUMPRODUCT(($S$2:$S$601=1)*($T$2:$T$601=T45)*($Z$2:$Z$601="Y")*($N$2:$N$601)*($AB$2:$AB$601)),"") | AG45: =IF(AND(S45=1,Z45="Y"),IF(Settings!$B$6="Percentage",IF(AD45=0,0,AC45*AA45*(N45/AD45)),IF(Settings!$B$6="Points",IF(AF45=0,0,AC45*(N45*AB45)/AF45),IF(Settings!$B$6="Equally",IF(AE45=0,0,AC45*N45/AE45),0))),0) -> 0 | AH45: =IF(S45=1,Y45+AG45,"") | AI45: =IF(S45=1,IF(COUNTIFS($R$2:R45,R45,$S$2:S45,1)=1,1,0),0) -> 0 | AJ45: =SUM($AI$2:AI45) -> 7
R46: =IF(A46<>"",IF(A46="Total","",A46),IF(D46<>"",R45,"")) | S46: =IF(AND(D46<>"",A46<>"Total"),1,0) -> 0 | T46: =IF(S46=1, DATE(YEAR(Settings!$B$3), MONTH(D46), DAY(D46)), "") | U46: =IF(S46=1,IFERROR(INDEX(Settings!$B$12:$B$41,MATCH($B46,Settings!$A$12:$A$41,0)),"N"),"") | V46: =IF(S46=1,IFERROR(INDEX(Settings!$C$12:$C$41,MATCH($B46,Settings!$A$12:$A$41,0)),""),"") | W46: =IF(S46=1,IFERROR(INDEX(Settings!$D$12:$D$41,MATCH($B46,Settings!$A$12:$A$41,0)),0),0) -> 0 | X46: =IF(AND(S46=1,U46="Y"),IF(V46="% of Sales",O46*W46,IF(V46="% of Tips",P46*W46,0)),0) -> 0 | Y46: =IF(S46=1,P46-X46,"") | Z46: =IF(S46=1,IFERROR(INDEX(Settings!$E$12:$E$41,MATCH($B46,Settings!$A$12:$A$41,0)),"N"),"") | AA46: =IF(S46=1,IFERROR(INDEX(Settings!$F$12:$F$41,MATCH($B46,Settings!$A$12:$A$41,0)),0),0) -> 0 | AB46: =IF(S46=1,IFERROR(INDEX(Settings!$G$12:$G$41,MATCH($B46,Settings!$A$12:$A$41,0)),0),0) -> 0 | AC46: =IF(S46=1,SUMIFS($X$2:$X$601,$S$2:$S$601,1,$T$2:$T$601,T46),"") | AD46: =IF(S46=1,SUMIFS($N$2:$N$601,$S$2:$S$601,1,$T$2:$T$601,T46,$B$2:$B$601,B46),"") | AE46: =IF(S46=1,SUMIFS($N$2:$N$601,$S$2:$S$601,1,$T$2:$T$601,T46,$Z$2:$Z$601,"Y"),"") | AF46: =IF(S46=1,SUMPRODUCT(($S$2:$S$601=1)*($T$2:$T$601=T46)*($Z$2:$Z$601="Y")*($N$2:$N$601)*($AB$2:$AB$601)),"") | AG46: =IF(AND(S46=1,Z46="Y"),IF(Settings!$B$6="Percentage",IF(AD46=0,0,AC46*AA46*(N46/AD46)),IF(Settings!$B$6="Points",IF(AF46=0,0,AC46*(N46*AB46)/AF46),IF(Settings!$B$6="Equally",IF(AE46=0,0,AC46*N46/AE46),0))),0) -> 0 | AH46: =IF(S46=1,Y46+AG46,"") | AI46: =IF(S46=1,IF(COUNTIFS($R$2:R46,R46,$S$2:S46,1)=1,1,0),0) -> 0 | AJ46: =SUM($AI$2:AI46) -> 7
A47: Chazilyn Cabigon | B47: Barista | C47: 19.61 | D47: 46277 | E47: 0.46111111 | G47: 0.66875 | H47: 4.72 | I47: 0 | J47: 0 | L47: 0.17 | M47: 0.27 | N47: 4.72 | O47: 1175.45 | P47: 92.12 | Q47: 0 | R47: =IF(A47<>"",IF(A47="Total","",A47),IF(D47<>"",R46,"")) -> Chazilyn Cabigon | S47: =IF(AND(D47<>"",A47<>"Total"),1,0) -> 1 | T47: =IF(S47=1, DATE(YEAR(Settings!$B$3), MONTH(D47), DAY(D47)), "") -> 46277 | U47: =IF(S47=1,IFERROR(INDEX(Settings!$B$12:$B$41,MATCH($B47,Settings!$A$12:$A$41,0)),"N"),"") -> N | V47: =IF(S47=1,IFERROR(INDEX(Settings!$C$12:$C$41,MATCH($B47,Settings!$A$12:$A$41,0)),""),"") -> % of Tips | W47: =IF(S47=1,IFERROR(INDEX(Settings!$D$12:$D$41,MATCH($B47,Settings!$A$12:$A$41,0)),0),0) -> 0 | X47: =IF(AND(S47=1,U47="Y"),IF(V47="% of Sales",O47*W47,IF(V47="% of Tips",P47*W47,0)),0) -> 0 | Y47: =IF(S47=1,P47-X47,"") -> 92.12 | Z47: =IF(S47=1,IFERROR(INDEX(Settings!$E$12:$E$41,MATCH($B47,Settings!$A$12:$A$41,0)),"N"),"") -> Y | AA47: =IF(S47=1,IFERROR(INDEX(Settings!$F$12:$F$41,MATCH($B47,Settings!$A$12:$A$41,0)),0),0) -> 1 | AB47: =IF(S47=1,IFERROR(INDEX(Settings!$G$12:$G$41,MATCH($B47,Settings!$A$12:$A$41,0)),0),0) -> 1 | AC47: =IF(S47=1,SUMIFS($X$2:$X$601,$S$2:$S$601,1,$T$2:$T$601,T47),"") -> 220.79 | AD47: =IF(S47=1,SUMIFS($N$2:$N$601,$S$2:$S$601,1,$T$2:$T$601,T47,$B$2:$B$601,B47),"") -> 24.11 | AE47: =IF(S47=1,SUMIFS($N$2:$N$601,$S$2:$S$601,1,$T$2:$T$601,T47,$Z$2:$Z$601,"Y"),"") -> 24.11 | AF47: =IF(S47=1,SUMPRODUCT(($S$2:$S$601=1)*($T$2:$T$601=T47)*($Z$2:$Z$601="Y")*($N$2:$N$601)*($AB$2:$AB$601)),"") -> 24.11 | AG47: =IF(AND(S47=1,Z47="Y"),IF(Settings!$B$6="Percentage",IF(AD47=0,0,AC47*AA47*(N47/AD47)),IF(Settings!$B$6="Points",IF(AF47=0,0,AC47*(N47*AB47)/AF47),IF(Settings!$B$6="Equally",IF(AE47=0,0,AC47*N47/AE47),0))),0) -> 43.223924 | AH47: =IF(S47=1,Y47+AG47,"") -> 135.34392 | AI47: =IF(S47=1,IF(COUNTIFS($R$2:R47,R47,$S$2:S47,1)=1,1,0),0) -> 1 | AJ47: =SUM($AI$2:AI47) -> 8
B48: Barista | C48: 19.61 | D48: 46278 | E48: 0.47986111 | G48: 0.62430556 | H48: 3.46 | I48: 0 | J48: 0 | L48: 0.17 | M48: 0.01 | N48: 3.46 | O48: 22.45 | P48: 2.44 | Q48: 0 | R48: =IF(A48<>"",IF(A48="Total","",A48),IF(D48<>"",R47,"")) -> Chazilyn Cabigon | S48: =IF(AND(D48<>"",A48<>"Total"),1,0) -> 1 | T48: =IF(S48=1, DATE(YEAR(Settings!$B$3), MONTH(D48), DAY(D48)), "") -> 46278 | U48: =IF(S48=1,IFERROR(INDEX(Settings!$B$12:$B$41,MATCH($B48,Settings!$A$12:$A$41,0)),"N"),"") -> N | V48: =IF(S48=1,IFERROR(INDEX(Settings!$C$12:$C$41,MATCH($B48,Settings!$A$12:$A$41,0)),""),"") -> % of Tips | W48: =IF(S48=1,IFERROR(INDEX(Settings!$D$12:$D$41,MATCH($B48,Settings!$A$12:$A$41,0)),0),0) -> 0 | X48: =IF(AND(S48=1,U48="Y"),IF(V48="% of Sales",O48*W48,IF(V48="% of Tips",P48*W48,0)),0) -> 0 | Y48: =IF(S48=1,P48-X48,"") -> 2.44 | Z48: =IF(S48=1,IFERROR(INDEX(Settings!$E$12:$E$41,MATCH($B48,Settings!$A$12:$A$41,0)),"N"),"") -> Y | AA48: =IF(S48=1,IFERROR(INDEX(Settings!$F$12:$F$41,MATCH($B48,Settings!$A$12:$A$41,0)),0),0) -> 1 | AB48: =IF(S48=1,IFERROR(INDEX(Settings!$G$12:$G$41,MATCH($B48,Settings!$A$12:$A$41,0)),0),0) -> 1 | AC48: =IF(S48=1,SUMIFS($X$2:$X$601,$S$2:$S$601,1,$T$2:$T$601,T48),"") -> 242.76 | AD48: =IF(S48=1,SUMIFS($N$2:$N$601,$S$2:$S$601,1,$T$2:$T$601,T48,$B$2:$B$601,B48),"") -> 20.37 | AE48: =IF(S48=1,SUMIFS($N$2:$N$601,$S$2:$S$601,1,$T$2:$T$601,T48,$Z$2:$Z$601,"Y"),"") -> 20.37 | AF48: =IF(S48=1,SUMPRODUCT(($S$2:$S$601=1)*($T$2:$T$601=T48)*($Z$2:$Z$601="Y")*($N$2:$N$601)*($AB$2:$AB$601)),"") -> 20.37 | AG48: =IF(AND(S48=1,Z48="Y"),IF(Settings!$B$6="Percentage",IF(AD48=0,0,AC48*AA48*(N48/AD48)),IF(Settings!$B$6="Points",IF(AF48=0,0,AC48*(N48*AB48)/AF48),IF(Settings!$B$6="Equally",IF(AE48=0,0,AC48*N48/AE48),0))),0) -> 41.234639 | AH48: =IF(S48=1,Y48+AG48,"") -> 43.674639 | AI48: =IF(S48=1,IF(COUNTIFS($R$2:R48,R48,$S$2:S48,1)=1,1,0),0) -> 0 | AJ48: =SUM($AI$2:AI48) -> 8
A49: Total | H49: 8.18 | I49: 0 | J49: 0 | K49: 0 | L49: 0.34 | M49: 0.28 | N49: 8.18 | O49: 1197.9 | P49: 94.56 | Q49: 0 | R49: =IF(A49<>"",IF(A49="Total","",A49),IF(D49<>"",R48,"")) | S49: =IF(AND(D49<>"",A49<>"Total"),1,0) -> 0 | T49: =IF(S49=1, DATE(YEAR(Settings!$B$3), MONTH(D49), DAY(D49)), "") | U49: =IF(S49=1,IFERROR(INDEX(Settings!$B$12:$B$41,MATCH($B49,Settings!$A$12:$A$41,0)),"N"),"") | V49: =IF(S49=1,IFERROR(INDEX(Settings!$C$12:$C$41,MATCH($B49,Settings!$A$12:$A$41,0)),""),"") | W49: =IF(S49=1,IFERROR(INDEX(Settings!$D$12:$D$41,MATCH($B49,Settings!$A$12:$A$41,0)),0),0) -> 0 | X49: =IF(AND(S49=1,U49="Y"),IF(V49="% of Sales",O49*W49,IF(V49="% of Tips",P49*W49,0)),0) -> 0 | Y49: =IF(S49=1,P49-X49,"") | Z49: =IF(S49=1,IFERROR(INDEX(Settings!$E$12:$E$41,MATCH($B49,Settings!$A$12:$A$41,0)),"N"),"") | AA49: =IF(S49=1,IFERROR(INDEX(Settings!$F$12:$F$41,MATCH($B49,Settings!$A$12:$A$41,0)),0),0) -> 0 | AB49: =IF(S49=1,IFERROR(INDEX(Settings!$G$12:$G$41,MATCH($B49,Settings!$A$12:$A$41,0)),0),0) -> 0 | AC49: =IF(S49=1,SUMIFS($X$2:$X$601,$S$2:$S$601,1,$T$2:$T$601,T49),"") | AD49: =IF(S49=1,SUMIFS($N$2:$N$601,$S$2:$S$601,1,$T$2:$T$601,T49,$B$2:$B$601,B49),"") | AE49: =IF(S49=1,SUMIFS($N$2:$N$601,$S$2:$S$601,1,$T$2:$T$601,T49,$Z$2:$Z$601,"Y"),"") | AF49: =IF(S49=1,SUMPRODUCT(($S$2:$S$601=1)*($T$2:$T$601=T49)*($Z$2:$Z$601="Y")*($N$2:$N$601)*($AB$2:$AB$601)),"") | AG49: =IF(AND(S49=1,Z49="Y"),IF(Settings!$B$6="Percentage",IF(AD49=0,0,AC49*AA49*(N49/AD49)),IF(Settings!$B$6="Points",IF(AF49=0,0,AC49*(N49*AB49)/AF49),IF(Settings!$B$6="Equally",IF(AE49=0,0,AC49*N49/AE49),0))),0) -> 0 | AH49: =IF(S49=1,Y49+AG49,"") | AI49: =IF(S49=1,IF(COUNTIFS($R$2:R49,R49,$S$2:S49,1)=1,1,0),0) -> 0 | AJ49: =SUM($AI$2:AI49) -> 8
R50: =IF(A50<>"",IF(A50="Total","",A50),IF(D50<>"",R49,"")) | S50: =IF(AND(D50<>"",A50<>"Total"),1,0) -> 0 | T50: =IF(S50=1, DATE(YEAR(Settings!$B$3), MONTH(D50), DAY(D50)), "") | U50: =IF(S50=1,IFERROR(INDEX(Settings!$B$12:$B$41,MATCH($B50,Settings!$A$12:$A$41,0)),"N"),"") | V50: =IF(S50=1,IFERROR(INDEX(Settings!$C$12:$C$41,MATCH($B50,Settings!$A$12:$A$41,0)),""),"") | W50: =IF(S50=1,IFERROR(INDEX(Settings!$D$12:$D$41,MATCH($B50,Settings!$A$12:$A$41,0)),0),0) -> 0 | X50: =IF(AND(S50=1,U50="Y"),IF(V50="% of Sales",O50*W50,IF(V50="% of Tips",P50*W50,0)),0) -> 0 | Y50: =IF(S50=1,P50-X50,"") | Z50: =IF(S50=1,IFERROR(INDEX(Settings!$E$12:$E$41,MATCH($B50,Settings!$A$12:$A$41,0)),"N"),"") | AA50: =IF(S50=1,IFERROR(INDEX(Settings!$F$12:$F$41,MATCH($B50,Settings!$A$12:$A$41,0)),0),0) -> 0 | AB50: =IF(S50=1,IFERROR(INDEX(Settings!$G$12:$G$41,MATCH($B50,Settings!$A$12:$A$41,0)),0),0) -> 0 | AC50: =IF(S50=1,SUMIFS($X$2:$X$601,$S$2:$S$601,1,$T$2:$T$601,T50),"") | AD50: =IF(S50=1,SUMIFS($N$2:$N$601,$S$2:$S$601,1,$T$2:$T$601,T50,$B$2:$B$601,B50),"") | AE50: =IF(S50=1,SUMIFS($N$2:$N$601,$S$2:$S$601,1,$T$2:$T$601,T50,$Z$2:$Z$601,"Y"),"") | AF50: =IF(S50=1,SUMPRODUCT(($S$2:$S$601=1)*($T$2:$T$601=T50)*($Z$2:$Z$601="Y")*($N$2:$N$601)*($AB$2:$AB$601)),"") | AG50: =IF(AND(S50=1,Z50="Y"),IF(Settings!$B$6="Percentage",IF(AD50=0,0,AC50*AA50*(N50/AD50)),IF(Settings!$B$6="Points",IF(AF50=0,0,AC50*(N50*AB50)/AF50),IF(Settings!$B$6="Equally",IF(AE50=0,0,AC50*N50/AE50),0))),0) -> 0 | AH50: =IF(S50=1,Y50+AG50,"") | AI50: =IF(S50=1,IF(COUNTIFS($R$2:R50,R50,$S$2:S50,1)=1,1,0),0) -> 0 | AJ50: =SUM($AI$2:AI50) -> 8
A51: Lisa Zhang | B51: Barista | C51: 19.61 | D51: 46272 | E51: 0.425 | G51: 0.61319444 | H51: 4.51 | I51: 0 | J51: 0 | L51: 0.17 | M51: 0 | N51: 4.51 | O51: 0 | P51: 0 | Q51: 0 | R51: =IF(A51<>"",IF(A51="Total","",A51),IF(D51<>"",R50,"")) -> Lisa Zhang | S51: =IF(AND(D51<>"",A51<>"Total"),1,0) -> 1 | T51: =IF(S51=1, DATE(YEAR(Settings!$B$3), MONTH(D51), DAY(D51)), "") -> 46272 | U51: =IF(S51=1,IFERROR(INDEX(Settings!$B$12:$B$41,MATCH($B51,Settings!$A$12:$A$41,0)),"N"),"") -> N | V51: =IF(S51=1,IFERROR(INDEX(Settings!$C$12:$C$41,MATCH($B51,Settings!$A$12:$A$41,0)),""),"") -> % of Tips | W51: =IF(S51=1,IFERROR(INDEX(Settings!$D$12:$D$41,MATCH($B51,Settings!$A$12:$A$41,0)),0),0) -> 0 | X51: =IF(AND(S51=1,U51="Y"),IF(V51="% of Sales",O51*W51,IF(V51="% of Tips",P51*W51,0)),0) -> 0 | Y51: =IF(S51=1,P51-X51,"") -> 0 | Z51: =IF(S51=1,IFERROR(INDEX(Settings!$E$12:$E$41,MATCH($B51,Settings!$A$12:$A$41,0)),"N"),"") -> Y | AA51: =IF(S51=1,IFERROR(INDEX(Settings!$F$12:$F$41,MATCH($B51,Settings!$A$12:$A$41,0)),0),0) -> 1 | AB51: =IF(S51=1,IFERROR(INDEX(Settings!$G$12:$G$41,MATCH($B51,Settings!$A$12:$A$41,0)),0),0) -> 1 | AC51: =IF(S51=1,SUMIFS($X$2:$X$601,$S$2:$S$601,1,$T$2:$T$601,T51),"") -> 303.99 | AD51: =IF(S51=1,SUMIFS($N$2:$N$601,$S$2:$S$601,1,$T$2:$T$601,T51,$B$2:$B$601,B51),"") -> 25.3 | AE51: =IF(S51=1,SUMIFS($N$2:$N$601,$S$2:$S$601,1,$T$2:$T$601,T51,$Z$2:$Z$601,"Y"),"") -> 25.3 | AF51: =IF(S51=1,SUMPRODUCT(($S$2:$S$601=1)*($T$2:$T$601=T51)*($Z$2:$Z$601="Y")*($N$2:$N$601)*($AB$2:$AB$601)),"") -> 25.3 | AG51: =IF(AND(S51=1,Z51="Y"),IF(Settings!$B$6="Percentage",IF(AD51=0,0,AC51*AA51*(N51/AD51)),IF(Settings!$B$6="Points",IF(AF51=0,0,AC51*(N51*AB51)/AF51),IF(Settings!$B$6="Equally",IF(AE51=0,0,AC51*N51/AE51),0))),0) -> 54.189522 | AH51: =IF(S51=1,Y51+AG51,"") -> 54.189522 | AI51: =IF(S51=1,IF(COUNTIFS($R$2:R51,R51,$S$2:S51,1)=1,1,0),0) -> 1 | AJ51: =SUM($AI$2:AI51) -> 9
B52: Barista | C52: 19.61 | D52: 46272 | E52: 0.61319444 | G52: 0.75277778 | H52: 2.83 | I52: 0 | J52: 0 | L52: 0 | M52: 0.52 | N52: 2.83 | O52: 0 | P52: 0 | Q52: 0 | R52: =IF(A52<>"",IF(A52="Total","",A52),IF(D52<>"",R51,"")) -> Lisa Zhang | S52: =IF(AND(D52<>"",A52<>"Total"),1,0) -> 1 | T52: =IF(S52=1, DATE(YEAR(Settings!$B$3), MONTH(D52), DAY(D52)), "") -> 46272 | U52: =IF(S52=1,IFERROR(INDEX(Settings!$B$12:$B$41,MATCH($B52,Settings!$A$12:$A$41,0)),"N"),"") -> N | V52: =IF(S52=1,IFERROR(INDEX(Settings!$C$12:$C$41,MATCH($B52,Settings!$A$12:$A$41,0)),""),"") -> % of Tips | W52: =IF(S52=1,IFERROR(INDEX(Settings!$D$12:$D$41,MATCH($B52,Settings!$A$12:$A$41,0)),0),0) -> 0 | X52: =IF(AND(S52=1,U52="Y"),IF(V52="% of Sales",O52*W52,IF(V52="% of Tips",P52*W52,0)),0) -> 0 | Y52: =IF(S52=1,P52-X52,"") -> 0 | Z52: =IF(S52=1,IFERROR(INDEX(Settings!$E$12:$E$41,MATCH($B52,Settings!$A$12:$A$41,0)),"N"),"") -> Y | AA52: =IF(S52=1,IFERROR(INDEX(Settings!$F$12:$F$41,MATCH($B52,Settings!$A$12:$A$41,0)),0),0) -> 1 | AB52: =IF(S52=1,IFERROR(INDEX(Settings!$G$12:$G$41,MATCH($B52,Settings!$A$12:$A$41,0)),0),0) -> 1 | AC52: =IF(S52=1,SUMIFS($X$2:$X$601,$S$2:$S$601,1,$T$2:$T$601,T52),"") -> 303.99 | AD52: =IF(S52=1,SUMIFS($N$2:$N$601,$S$2:$S$601,1,$T$2:$T$601,T52,$B$2:$B$601,B52),"") -> 25.3 | AE52: =IF(S52=1,SUMIFS($N$2:$N$601,$S$2:$S$601,1,$T$2:$T$601,T52,$Z$2:$Z$601,"Y"),"") -> 25.3 | AF52: =IF(S52=1,SUMPRODUCT(($S$2:$S$601=1)*($T$2:$T$601=T52)*($Z$2:$Z$601="Y")*($N$2:$N$601)*($AB$2:$AB$601)),"") -> 25.3 | AG52: =IF(AND(S52=1,Z52="Y"),IF(Settings!$B$6="Percentage",IF(AD52=0,0,AC52*AA52*(N52/AD52)),IF(Settings!$B$6="Points",IF(AF52=0,0,AC52*(N52*AB52)/AF52),IF(Settings!$B$6="Equally",IF(AE52=0,0,AC52*N52/AE52),0))),0) -> 34.003625 | AH52: =IF(S52=1,Y52+AG52,"") -> 34.003625 | AI52: =IF(S52=1,IF(COUNTIFS($R$2:R52,R52,$S$2:S52,1)=1,1,0),0) -> 0 | AJ52: =SUM($AI$2:AI52) -> 9
B53: Barista | C53: 19.61 | D53: 46284 | E53: 0.42291667 | G53: 0.65763889 | H53: 5.58 | I53: 0 | J53: 0 | L53: 0.17 | M53: 0.05 | N53: 5.58 | O53: 504.8 | P53: 43.61 | Q53: 0 | R53: =IF(A53<>"",IF(A53="Total","",A53),IF(D53<>"",R52,"")) -> Lisa Zhang | S53: =IF(AND(D53<>"",A53<>"Total"),1,0) -> 1 | T53: =IF(S53=1, DATE(YEAR(Settings!$B$3), MONTH(D53), DAY(D53)), "") -> 46284 | U53: =IF(S53=1,IFERROR(INDEX(Settings!$B$12:$B$41,MATCH($B53,Settings!$A$12:$A$41,0)),"N"),"") -> N | V53: =IF(S53=1,IFERROR(INDEX(Settings!$C$12:$C$41,MATCH($B53,Settings!$A$12:$A$41,0)),""),"") -> % of Tips | W53: =IF(S53=1,IFERROR(INDEX(Settings!$D$12:$D$41,MATCH($B53,Settings!$A$12:$A$41,0)),0),0) -> 0 | X53: =IF(AND(S53=1,U53="Y"),IF(V53="% of Sales",O53*W53,IF(V53="% of Tips",P53*W53,0)),0) -> 0 | Y53: =IF(S53=1,P53-X53,"") -> 43.61 | Z53: =IF(S53=1,IFERROR(INDEX(Settings!$E$12:$E$41,MATCH($B53,Settings!$A$12:$A$41,0)),"N"),"") -> Y | AA53: =IF(S53=1,IFERROR(INDEX(Settings!$F$12:$F$41,MATCH($B53,Settings!$A$12:$A$41,0)),0),0) -> 1 | AB53: =IF(S53=1,IFERROR(INDEX(Settings!$G$12:$G$41,MATCH($B53,Settings!$A$12:$A$41,0)),0),0) -> 1 | AC53: =IF(S53=1,SUMIFS($X$2:$X$601,$S$2:$S$601,1,$T$2:$T$601,T53),"") -> 190.57 | AD53: =IF(S53=1,SUMIFS($N$2:$N$601,$S$2:$S$601,1,$T$2:$T$601,T53,$B$2:$B$601,B53),"") -> 28 | AE53: =IF(S53=1,SUMIFS($N$2:$N$601,$S$2:$S$601,1,$T$2:$T$601,T53,$Z$2:$Z$601,"Y"),"") -> 28 | AF53: =IF(S53=1,SUMPRODUCT(($S$2:$S$601=1)*($T$2:$T$601=T53)*($Z$2:$Z$601="Y")*($N$2:$N$601)*($AB$2:$AB$601)),"") -> 28 | AG53: =IF(AND(S53=1,Z53="Y"),IF(Settings!$B$6="Percentage",IF(AD53=0,0,AC53*AA53*(N53/AD53)),IF(Settings!$B$6="Points",IF(AF53=0,0,AC53*(N53*AB53)/AF53),IF(Settings!$B$6="Equally",IF(AE53=0,0,AC53*N53/AE53),0))),0) -> 37.977879 | AH53: =IF(S53=1,Y53+AG53,"") -> 81.587879 | AI53: =IF(S53=1,IF(COUNTIFS($R$2:R53,R53,$S$2:S53,1)=1,1,0),0) -> 0 | AJ53: =SUM($AI$2:AI53) -> 9
B54: Barista | C54: 19.61 | D54: 46285 | E54: 0.41944444 | G54: 0.69236111 | H54: 6.06 | I54: 0 | J54: 0 | L54: 0.17 | M54: 0.5 | N54: 6.06 | O54: 328.25 | P54: 27.79 | Q54: 0 | R54: =IF(A54<>"",IF(A54="Total","",A54),IF(D54<>"",R53,"")) -> Lisa Zhang | S54: =IF(AND(D54<>"",A54<>"Total"),1,0) -> 1 | T54: =IF(S54=1, DATE(YEAR(Settings!$B$3), MONTH(D54), DAY(D54)), "") -> 46285 | U54: =IF(S54=1,IFERROR(INDEX(Settings!$B$12:$B$41,MATCH($B54,Settings!$A$12:$A$41,0)),"N"),"") -> N | V54: =IF(S54=1,IFERROR(INDEX(Settings!$C$12:$C$41,MATCH($B54,Settings!$A$12:$A$41,0)),""),"") -> % of Tips | W54: =IF(S54=1,IFERROR(INDEX(Settings!$D$12:$D$41,MATCH($B54,Settings!$A$12:$A$41,0)),0),0) -> 0 | X54: =IF(AND(S54=1,U54="Y"),IF(V54="% of Sales",O54*W54,IF(V54="% of Tips",P54*W54,0)),0) -> 0 | Y54: =IF(S54=1,P54-X54,"") -> 27.79 | Z54: =IF(S54=1,IFERROR(INDEX(Settings!$E$12:$E$41,MATCH($B54,Settings!$A$12:$A$41,0)),"N"),"") -> Y | AA54: =IF(S54=1,IFERROR(INDEX(Settings!$F$12:$F$41,MATCH($B54,Settings!$A$12:$A$41,0)),0),0) -> 1 | AB54: =IF(S54=1,IFERROR(INDEX(Settings!$G$12:$G$41,MATCH($B54,Settings!$A$12:$A$41,0)),0),0) -> 1 | AC54: =IF(S54=1,SUMIFS($X$2:$X$601,$S$2:$S$601,1,$T$2:$T$601,T54),"") -> 146.5 | AD54: =IF(S54=1,SUMIFS($N$2:$N$601,$S$2:$S$601,1,$T$2:$T$601,T54,$B$2:$B$601,B54),"") -> 22.34 | AE54: =IF(S54=1,SUMIFS($N$2:$N$601,$S$2:$S$601,1,$T$2:$T$601,T54,$Z$2:$Z$601,"Y"),"") -> 22.34 | AF54: =IF(S54=1,SUMPRODUCT(($S$2:$S$601=1)*($T$2:$T$601=T54)*($Z$2:$Z$601="Y")*($N$2:$N$601)*($AB$2:$AB$601)),"") -> 22.34 | AG54: =IF(AND(S54=1,Z54="Y"),IF(Settings!$B$6="Percentage",IF(AD54=0,0,AC54*AA54*(N54/AD54)),IF(Settings!$B$6="Points",IF(AF54=0,0,AC54*(N54*AB54)/AF54),IF(Settings!$B$6="Equally",IF(AE54=0,0,AC54*N54/AE54),0))),0) -> 39.739928 | AH54: =IF(S54=1,Y54+AG54,"") -> 67.529928 | AI54: =IF(S54=1,IF(COUNTIFS($R$2:R54,R54,$S$2:S54,1)=1,1,0),0) -> 0 | AJ54: =SUM($AI$2:AI54) -> 9
A55: Total | H55: 18.98 | I55: 0 | J55: 0 | K55: 0 | L55: 0.51 | M55: 1.07 | N55: 18.98 | O55: 833.05 | P55: 71.4 | Q55: 0 | R55: =IF(A55<>"",IF(A55="Total","",A55),IF(D55<>"",R54,"")) | S55: =IF(AND(D55<>"",A55<>"Total"),1,0) -> 0 | T55: =IF(S55=1, DATE(YEAR(Settings!$B$3), MONTH(D55), DAY(D55)), "") | U55: =IF(S55=1,IFERROR(INDEX(Settings!$B$12:$B$41,MATCH($B55,Settings!$A$12:$A$41,0)),"N"),"") | V55: =IF(S55=1,IFERROR(INDEX(Settings!$C$12:$C$41,MATCH($B55,Settings!$A$12:$A$41,0)),""),"") | W55: =IF(S55=1,IFERROR(INDEX(Settings!$D$12:$D$41,MATCH($B55,Settings!$A$12:$A$41,0)),0),0) -> 0 | X55: =IF(AND(S55=1,U55="Y"),IF(V55="% of Sales",O55*W55,IF(V55="% of Tips",P55*W55,0)),0) -> 0 | Y55: =IF(S55=1,P55-X55,"") | Z55: =IF(S55=1,IFERROR(INDEX(Settings!$E$12:$E$41,MATCH($B55,Settings!$A$12:$A$41,0)),"N"),"") | AA55: =IF(S55=1,IFERROR(INDEX(Settings!$F$12:$F$41,MATCH($B55,Settings!$A$12:$A$41,0)),0),0) -> 0 | AB55: =IF(S55=1,IFERROR(INDEX(Settings!$G$12:$G$41,MATCH($B55,Settings!$A$12:$A$41,0)),0),0) -> 0 | AC55: =IF(S55=1,SUMIFS($X$2:$X$601,$S$2:$S$601,1,$T$2:$T$601,T55),"") | AD55: =IF(S55=1,SUMIFS($N$2:$N$601,$S$2:$S$601,1,$T$2:$T$601,T55,$B$2:$B$601,B55),"") | AE55: =IF(S55=1,SUMIFS($N$2:$N$601,$S$2:$S$601,1,$T$2:$T$601,T55,$Z$2:$Z$601,"Y"),"") | AF55: =IF(S55=1,SUMPRODUCT(($S$2:$S$601=1)*($T$2:$T$601=T55)*($Z$2:$Z$601="Y")*($N$2:$N$601)*($AB$2:$AB$601)),"") | AG55: =IF(AND(S55=1,Z55="Y"),IF(Settings!$B$6="Percentage",IF(AD55=0,0,AC55*AA55*(N55/AD55)),IF(Settings!$B$6="Points",IF(AF55=0,0,AC55*(N55*AB55)/AF55),IF(Settings!$B$6="Equally",IF(AE55=0,0,AC55*N55/AE55),0))),0) -> 0 | AH55: =IF(S55=1,Y55+AG55,"") | AI55: =IF(S55=1,IF(COUNTIFS($R$2:R55,R55,$S$2:S55,1)=1,1,0),0) -> 0 | AJ55: =SUM($AI$2:AI55) -> 9
R56: =IF(A56<>"",IF(A56="Total","",A56),IF(D56<>"",R55,"")) | S56: =IF(AND(D56<>"",A56<>"Total"),1,0) -> 0 | T56: =IF(S56=1, DATE(YEAR(Settings!$B$3), MONTH(D56), DAY(D56)), "") | U56: =IF(S56=1,IFERROR(INDEX(Settings!$B$12:$B$41,MATCH($B56,Settings!$A$12:$A$41,0)),"N"),"") | V56: =IF(S56=1,IFERROR(INDEX(Settings!$C$12:$C$41,MATCH($B56,Settings!$A$12:$A$41,0)),""),"") | W56: =IF(S56=1,IFERROR(INDEX(Settings!$D$12:$D$41,MATCH($B56,Settings!$A$12:$A$41,0)),0),0) -> 0 | X56: =IF(AND(S56=1,U56="Y"),IF(V56="% of Sales",O56*W56,IF(V56="% of Tips",P56*W56,0)),0) -> 0 | Y56: =IF(S56=1,P56-X56,"") | Z56: =IF(S56=1,IFERROR(INDEX(Settings!$E$12:$E$41,MATCH($B56,Settings!$A$12:$A$41,0)),"N"),"") | AA56: =IF(S56=1,IFERROR(INDEX(Settings!$F$12:$F$41,MATCH($B56,Settings!$A$12:$A$41,0)),0),0) -> 0 | AB56: =IF(S56=1,IFERROR(INDEX(Settings!$G$12:$G$41,MATCH($B56,Settings!$A$12:$A$41,0)),0),0) -> 0 | AC56: =IF(S56=1,SUMIFS($X$2:$X$601,$S$2:$S$601,1,$T$2:$T$601,T56),"") | AD56: =IF(S56=1,SUMIFS($N$2:$N$601,$S$2:$S$601,1,$T$2:$T$601,T56,$B$2:$B$601,B56),"") | AE56: =IF(S56=1,SUMIFS($N$2:$N$601,$S$2:$S$601,1,$T$2:$T$601,T56,$Z$2:$Z$601,"Y"),"") | AF56: =IF(S56=1,SUMPRODUCT(($S$2:$S$601=1)*($T$2:$T$601=T56)*($Z$2:$Z$601="Y")*($N$2:$N$601)*($AB$2:$AB$601)),"") | AG56: =IF(AND(S56=1,Z56="Y"),IF(Settings!$B$6="Percentage",IF(AD56=0,0,AC56*AA56*(N56/AD56)),IF(Settings!$B$6="Points",IF(AF56=0,0,AC56*(N56*AB56)/AF56),IF(Settings!$B$6="Equally",IF(AE56=0,0,AC56*N56/AE56),0))),0) -> 0 | AH56: =IF(S56=1,Y56+AG56,"") | AI56: =IF(S56=1,IF(COUNTIFS($R$2:R56,R56,$S$2:S56,1)=1,1,0),0) -> 0 | AJ56: =SUM($AI$2:AI56) -> 9
A57: Ryan Tiet | B57: Owner | C57: 19.61 | D57: 46272 | E57: 0.50277778 | G57: 0.70833333 | H57: 4.93 | I57: 0 | J57: 0 | L57: 0.17 | M57: 0 | N57: 4.93 | O57: 1271.02 | P57: 97.32 | Q57: 0 | R57: =IF(A57<>"",IF(A57="Total","",A57),IF(D57<>"",R56,"")) -> Ryan Tiet | S57: =IF(AND(D57<>"",A57<>"Total"),1,0) -> 1 | T57: =IF(S57=1, DATE(YEAR(Settings!$B$3), MONTH(D57), DAY(D57)), "") -> 46272 | U57: =IF(S57=1,IFERROR(INDEX(Settings!$B$12:$B$41,MATCH($B57,Settings!$A$12:$A$41,0)),"N"),"") -> N | V57: =IF(S57=1,IFERROR(INDEX(Settings!$C$12:$C$41,MATCH($B57,Settings!$A$12:$A$41,0)),""),"") -> % of Tips | W57: =IF(S57=1,IFERROR(INDEX(Settings!$D$12:$D$41,MATCH($B57,Settings!$A$12:$A$41,0)),0),0) -> 0 | X57: =IF(AND(S57=1,U57="Y"),IF(V57="% of Sales",O57*W57,IF(V57="% of Tips",P57*W57,0)),0) -> 0 | Y57: =IF(S57=1,P57-X57,"") -> 97.32 | Z57: =IF(S57=1,IFERROR(INDEX(Settings!$E$12:$E$41,MATCH($B57,Settings!$A$12:$A$41,0)),"N"),"") -> N | AA57: =IF(S57=1,IFERROR(INDEX(Settings!$F$12:$F$41,MATCH($B57,Settings!$A$12:$A$41,0)),0),0) -> 0 | AB57: =IF(S57=1,IFERROR(INDEX(Settings!$G$12:$G$41,MATCH($B57,Settings!$A$12:$A$41,0)),0),0) -> 1 | AC57: =IF(S57=1,SUMIFS($X$2:$X$601,$S$2:$S$601,1,$T$2:$T$601,T57),"") -> 303.99 | AD57: =IF(S57=1,SUMIFS($N$2:$N$601,$S$2:$S$601,1,$T$2:$T$601,T57,$B$2:$B$601,B57),"") -> 4.93 | AE57: =IF(S57=1,SUMIFS($N$2:$N$601,$S$2:$S$601,1,$T$2:$T$601,T57,$Z$2:$Z$601,"Y"),"") -> 25.3 | AF57: =IF(S57=1,SUMPRODUCT(($S$2:$S$601=1)*($T$2:$T$601=T57)*($Z$2:$Z$601="Y")*($N$2:$N$601)*($AB$2:$AB$601)),"") -> 25.3 | AG57: =IF(AND(S57=1,Z57="Y"),IF(Settings!$B$6="Percentage",IF(AD57=0,0,AC57*AA57*(N57/AD57)),IF(Settings!$B$6="Points",IF(AF57=0,0,AC57*(N57*AB57)/AF57),IF(Settings!$B$6="Equally",IF(AE57=0,0,AC57*N57/AE57),0))),0) -> 0 | AH57: =IF(S57=1,Y57+AG57,"") -> 97.32 | AI57: =IF(S57=1,IF(COUNTIFS($R$2:R57,R57,$S$2:S57,1)=1,1,0),0) -> 1 | AJ57: =SUM($AI$2:AI57) -> 10
B58: Owner | C58: 19.61 | D58: 46275 | E58: 0.42013889 | G58: 0.45347222 | H58: 0.8 | I58: 0 | J58: 0 | L58: 0 | M58: 0 | N58: 0.8 | O58: 20.9 | P58: 1.14 | Q58: 0 | R58: =IF(A58<>"",IF(A58="Total","",A58),IF(D58<>"",R57,"")) -> Ryan Tiet | S58: =IF(AND(D58<>"",A58<>"Total"),1,0) -> 1 | T58: =IF(S58=1, DATE(YEAR(Settings!$B$3), MONTH(D58), DAY(D58)), "") -> 46275 | U58: =IF(S58=1,IFERROR(INDEX(Settings!$B$12:$B$41,MATCH($B58,Settings!$A$12:$A$41,0)),"N"),"") -> N | V58: =IF(S58=1,IFERROR(INDEX(Settings!$C$12:$C$41,MATCH($B58,Settings!$A$12:$A$41,0)),""),"") -> % of Tips | W58: =IF(S58=1,IFERROR(INDEX(Settings!$D$12:$D$41,MATCH($B58,Settings!$A$12:$A$41,0)),0),0) -> 0 | X58: =IF(AND(S58=1,U58="Y"),IF(V58="% of Sales",O58*W58,IF(V58="% of Tips",P58*W58,0)),0) -> 0 | Y58: =IF(S58=1,P58-X58,"") -> 1.14 | Z58: =IF(S58=1,IFERROR(INDEX(Settings!$E$12:$E$41,MATCH($B58,Settings!$A$12:$A$41,0)),"N"),"") -> N | AA58: =IF(S58=1,IFERROR(INDEX(Settings!$F$12:$F$41,MATCH($B58,Settings!$A$12:$A$41,0)),0),0) -> 0 | AB58: =IF(S58=1,IFERROR(INDEX(Settings!$G$12:$G$41,MATCH($B58,Settings!$A$12:$A$41,0)),0),0) -> 1 | AC58: =IF(S58=1,SUMIFS($X$2:$X$601,$S$2:$S$601,1,$T$2:$T$601,T58),"") -> 54.83 | AD58: =IF(S58=1,SUMIFS($N$2:$N$601,$S$2:$S$601,1,$T$2:$T$601,T58,$B$2:$B$601,B58),"") -> 1.39 | AE58: =IF(S58=1,SUMIFS($N$2:$N$601,$S$2:$S$601,1,$T$2:$T$601,T58,$Z$2:$Z$601,"Y"),"") -> 6.79 | AF58: =IF(S58=1,SUMPRODUCT(($S$2:$S$601=1)*($T$2:$T$601=T58)*($Z$2:$Z$601="Y")*($N$2:$N$601)*($AB$2:$AB$601)),"") -> 6.79 | AG58: =IF(AND(S58=1,Z58="Y"),IF(Settings!$B$6="Percentage",IF(AD58=0,0,AC58*AA58*(N58/AD58)),IF(Settings!$B$6="Points",IF(AF58=0,0,AC58*(N58*AB58)/AF58),IF(Settings!$B$6="Equally",IF(AE58=0,0,AC58*N58/AE58),0))),0) -> 0 | AH58: =IF(S58=1,Y58+AG58,"") -> 1.14 | AI58: =IF(S58=1,IF(COUNTIFS($R$2:R58,R58,$S$2:S58,1)=1,1,0),0) -> 0 | AJ58: =SUM($AI$2:AI58) -> 10
B59: Owner | C59: 19.61 | D59: 46275 | E59: 0.53402778 | G59: 0.53680556 | H59: 0.08 | I59: 0 | J59: 0 | L59: 0 | M59: 0 | N59: 0.08 | O59: 23.65 | P59: 1.78 | Q59: 0 | R59: =IF(A59<>"",IF(A59="Total","",A59),IF(D59<>"",R58,"")) -> Ryan Tiet | S59: =IF(AND(D59<>"",A59<>"Total"),1,0) -> 1 | T59: =IF(S59=1, DATE(YEAR(Settings!$B$3), MONTH(D59), DAY(D59)), "") -> 46275 | U59: =IF(S59=1,IFERROR(INDEX(Settings!$B$12:$B$41,MATCH($B59,Settings!$A$12:$A$41,0)),"N"),"") -> N | V59: =IF(S59=1,IFERROR(INDEX(Settings!$C$12:$C$41,MATCH($B59,Settings!$A$12:$A$41,0)),""),"") -> % of Tips | W59: =IF(S59=1,IFERROR(INDEX(Settings!$D$12:$D$41,MATCH($B59,Settings!$A$12:$A$41,0)),0),0) -> 0 | X59: =IF(AND(S59=1,U59="Y"),IF(V59="% of Sales",O59*W59,IF(V59="% of Tips",P59*W59,0)),0) -> 0 | Y59: =IF(S59=1,P59-X59,"") -> 1.78 | Z59: =IF(S59=1,IFERROR(INDEX(Settings!$E$12:$E$41,MATCH($B59,Settings!$A$12:$A$41,0)),"N"),"") -> N | AA59: =IF(S59=1,IFERROR(INDEX(Settings!$F$12:$F$41,MATCH($B59,Settings!$A$12:$A$41,0)),0),0) -> 0 | AB59: =IF(S59=1,IFERROR(INDEX(Settings!$G$12:$G$41,MATCH($B59,Settings!$A$12:$A$41,0)),0),0) -> 1 | AC59: =IF(S59=1,SUMIFS($X$2:$X$601,$S$2:$S$601,1,$T$2:$T$601,T59),"") -> 54.83 | AD59: =IF(S59=1,SUMIFS($N$2:$N$601,$S$2:$S$601,1,$T$2:$T$601,T59,$B$2:$B$601,B59),"") -> 1.39 | AE59: =IF(S59=1,SUMIFS($N$2:$N$601,$S$2:$S$601,1,$T$2:$T$601,T59,$Z$2:$Z$601,"Y"),"") -> 6.79 | AF59: =IF(S59=1,SUMPRODUCT(($S$2:$S$601=1)*($T$2:$T$601=T59)*($Z$2:$Z$601="Y")*($N$2:$N$601)*($AB$2:$AB$601)),"") -> 6.79 | AG59: =IF(AND(S59=1,Z59="Y"),IF(Settings!$B$6="Percentage",IF(AD59=0,0,AC59*AA59*(N59/AD59)),IF(Settings!$B$6="Points",IF(AF59=0,0,AC59*(N59*AB59)/AF59),IF(Settings!$B$6="Equally",IF(AE59=0,0,AC59*N59/AE59),0))),0) -> 0 | AH59: =IF(S59=1,Y59+AG59,"") -> 1.78 | AI59: =IF(S59=1,IF(COUNTIFS($R$2:R59,R59,$S$2:S59,1)=1,1,0),0) -> 0 | AJ59: =SUM($AI$2:AI59) -> 10
B60: Owner | C60: 19.61 | D60: 46275 | E60: 0.59305556 | G60: 0.61388889 | H60: 0.51 | I60: 0 | J60: 0 | L60: 0 | M60: 0 | N60: 0.51 | O60: 40.6 | P60: 4.42 | Q60: 0 | R60: =IF(A60<>"",IF(A60="Total","",A60),IF(D60<>"",R59,"")) -> Ryan Tiet | S60: =IF(AND(D60<>"",A60<>"Total"),1,0) -> 1 | T60: =IF(S60=1, DATE(YEAR(Settings!$B$3), MONTH(D60), DAY(D60)), "") -> 46275 | U60: =IF(S60=1,IFERROR(INDEX(Settings!$B$12:$B$41,MATCH($B60,Settings!$A$12:$A$41,0)),"N"),"") -> N | V60: =IF(S60=1,IFERROR(INDEX(Settings!$C$12:$C$41,MATCH($B60,Settings!$A$12:$A$41,0)),""),"") -> % of Tips | W60: =IF(S60=1,IFERROR(INDEX(Settings!$D$12:$D$41,MATCH($B60,Settings!$A$12:$A$41,0)),0),0) -> 0 | X60: =IF(AND(S60=1,U60="Y"),IF(V60="% of Sales",O60*W60,IF(V60="% of Tips",P60*W60,0)),0) -> 0 | Y60: =IF(S60=1,P60-X60,"") -> 4.42 | Z60: =IF(S60=1,IFERROR(INDEX(Settings!$E$12:$E$41,MATCH($B60,Settings!$A$12:$A$41,0)),"N"),"") -> N | AA60: =IF(S60=1,IFERROR(INDEX(Settings!$F$12:$F$41,MATCH($B60,Settings!$A$12:$A$41,0)),0),0) -> 0 | AB60: =IF(S60=1,IFERROR(INDEX(Settings!$G$12:$G$41,MATCH($B60,Settings!$A$12:$A$41,0)),0),0) -> 1 | AC60: =IF(S60=1,SUMIFS($X$2:$X$601,$S$2:$S$601,1,$T$2:$T$601,T60),"") -> 54.83 | AD60: =IF(S60=1,SUMIFS($N$2:$N$601,$S$2:$S$601,1,$T$2:$T$601,T60,$B$2:$B$601,B60),"") -> 1.39 | AE60: =IF(S60=1,SUMIFS($N$2:$N$601,$S$2:$S$601,1,$T$2:$T$601,T60,$Z$2:$Z$601,"Y"),"") -> 6.79 | AF60: =IF(S60=1,SUMPRODUCT(($S$2:$S$601=1)*($T$2:$T$601=T60)*($Z$2:$Z$601="Y")*($N$2:$N$601)*($AB$2:$AB$601)),"") -> 6.79 | AG60: =IF(AND(S60=1,Z60="Y"),IF(Settings!$B$6="Percentage",IF(AD60=0,0,AC60*AA60*(N60/AD60)),IF(Settings!$B$6="Points",IF(AF60=0,0,AC60*(N60*AB60)/AF60),IF(Settings!$B$6="Equally",IF(AE60=0,0,AC60*N60/AE60),0))),0) -> 0 | AH60: =IF(S60=1,Y60+AG60,"") -> 4.42 | AI60: =IF(S60=1,IF(COUNTIFS($R$2:R60,R60,$S$2:S60,1)=1,1,0),0) -> 0 | AJ60: =SUM($AI$2:AI60) -> 10
B61: Owner | C61: 19.61 | D61: 46276 | E61: 0.41736111 | G61: 0.41875 | H61: 0.03 | I61: 0 | J61: 0 | L61: 0 | M61: 0 | N61: 0.03 | O61: 7.75 | P61: 0 | Q61: 0 | R61: =IF(A61<>"",IF(A61="Total","",A61),IF(D61<>"",R60,"")) -> Ryan Tiet | S61: =IF(AND(D61<>"",A61<>"Total"),1,0) -> 1 | T61: =IF(S61=1, DATE(YEAR(Settings!$B$3), MONTH(D61), DAY(D61)), "") -> 46276 | U61: =IF(S61=1,IFERROR(INDEX(Settings!$B$12:$B$41,MATCH($B61,Settings!$A$12:$A$41,0)),"N"),"") -> N | V61: =IF(S61=1,IFERROR(INDEX(Settings!$C$12:$C$41,MATCH($B61,Settings!$A$12:$A$41,0)),""),"") -> % of Tips | W61: =IF(S61=1,IFERROR(INDEX(Settings!$D$12:$D$41,MATCH($B61,Settings!$A$12:$A$41,0)),0),0) -> 0 | X61: =IF(AND(S61=1,U61="Y"),IF(V61="% of Sales",O61*W61,IF(V61="% of Tips",P61*W61,0)),0) -> 0 | Y61: =IF(S61=1,P61-X61,"") -> 0 | Z61: =IF(S61=1,IFERROR(INDEX(Settings!$E$12:$E$41,MATCH($B61,Settings!$A$12:$A$41,0)),"N"),"") -> N | AA61: =IF(S61=1,IFERROR(INDEX(Settings!$F$12:$F$41,MATCH($B61,Settings!$A$12:$A$41,0)),0),0) -> 0 | AB61: =IF(S61=1,IFERROR(INDEX(Settings!$G$12:$G$41,MATCH($B61,Settings!$A$12:$A$41,0)),0),0) -> 1 | AC61: =IF(S61=1,SUMIFS($X$2:$X$601,$S$2:$S$601,1,$T$2:$T$601,T61),"") -> 87.71 | AD61: =IF(S61=1,SUMIFS($N$2:$N$601,$S$2:$S$601,1,$T$2:$T$601,T61,$B$2:$B$601,B61),"") -> 0.25 | AE61: =IF(S61=1,SUMIFS($N$2:$N$601,$S$2:$S$601,1,$T$2:$T$601,T61,$Z$2:$Z$601,"Y"),"") -> 15.74 | AF61: =IF(S61=1,SUMPRODUCT(($S$2:$S$601=1)*($T$2:$T$601=T61)*($Z$2:$Z$601="Y")*($N$2:$N$601)*($AB$2:$AB$601)),"") -> 15.74 | AG61: =IF(AND(S61=1,Z61="Y"),IF(Settings!$B$6="Percentage",IF(AD61=0,0,AC61*AA61*(N61/AD61)),IF(Settings!$B$6="Points",IF(AF61=0,0,AC61*(N61*AB61)/AF61),IF(Settings!$B$6="Equally",IF(AE61=0,0,AC61*N61/AE61),0))),0) -> 0 | AH61: =IF(S61=1,Y61+AG61,"") -> 0 | AI61: =IF(S61=1,IF(COUNTIFS($R$2:R61,R61,$S$2:S61,1)=1,1,0),0) -> 0 | AJ61: =SUM($AI$2:AI61) -> 10
B62: Owner | C62: 19.61 | D62: 46276 | E62: 0.48055556 | G62: 0.48333333 | H62: 0.06 | I62: 0 | J62: 0 | L62: 0 | M62: 0 | N62: 0.06 | O62: 14.5 | P62: 1.58 | Q62: 0 | R62: =IF(A62<>"",IF(A62="Total","",A62),IF(D62<>"",R61,"")) -> Ryan Tiet | S62: =IF(AND(D62<>"",A62<>"Total"),1,0) -> 1 | T62: =IF(S62=1, DATE(YEAR(Settings!$B$3), MONTH(D62), DAY(D62)), "") -> 46276 | U62: =IF(S62=1,IFERROR(INDEX(Settings!$B$12:$B$41,MATCH($B62,Settings!$A$12:$A$41,0)),"N"),"") -> N | V62: =IF(S62=1,IFERROR(INDEX(Settings!$C$12:$C$41,MATCH($B62,Settings!$A$12:$A$41,0)),""),"") -> % of Tips | W62: =IF(S62=1,IFERROR(INDEX(Settings!$D$12:$D$41,MATCH($B62,Settings!$A$12:$A$41,0)),0),0) -> 0 | X62: =IF(AND(S62=1,U62="Y"),IF(V62="% of Sales",O62*W62,IF(V62="% of Tips",P62*W62,0)),0) -> 0 | Y62: =IF(S62=1,P62-X62,"") -> 1.58 | Z62: =IF(S62=1,IFERROR(INDEX(Settings!$E$12:$E$41,MATCH($B62,Settings!$A$12:$A$41,0)),"N"),"") -> N | AA62: =IF(S62=1,IFERROR(INDEX(Settings!$F$12:$F$41,MATCH($B62,Settings!$A$12:$A$41,0)),0),0) -> 0 | AB62: =IF(S62=1,IFERROR(INDEX(Settings!$G$12:$G$41,MATCH($B62,Settings!$A$12:$A$41,0)),0),0) -> 1 | AC62: =IF(S62=1,SUMIFS($X$2:$X$601,$S$2:$S$601,1,$T$2:$T$601,T62),"") -> 87.71 | AD62: =IF(S62=1,SUMIFS($N$2:$N$601,$S$2:$S$601,1,$T$2:$T$601,T62,$B$2:$B$601,B62),"") -> 0.25 | AE62: =IF(S62=1,SUMIFS($N$2:$N$601,$S$2:$S$601,1,$T$2:$T$601,T62,$Z$2:$Z$601,"Y"),"") -> 15.74 | AF62: =IF(S62=1,SUMPRODUCT(($S$2:$S$601=1)*($T$2:$T$601=T62)*($Z$2:$Z$601="Y")*($N$2:$N$601)*($AB$2:$AB$601)),"") -> 15.74 | AG62: =IF(AND(S62=1,Z62="Y"),IF(Settings!$B$6="Percentage",IF(AD62=0,0,AC62*AA62*(N62/AD62)),IF(Settings!$B$6="Points",IF(AF62=0,0,AC62*(N62*AB62)/AF62),IF(Settings!$B$6="Equally",IF(AE62=0,0,AC62*N62/AE62),0))),0) -> 0 | AH62: =IF(S62=1,Y62+AG62,"") -> 1.58 | AI62: =IF(S62=1,IF(COUNTIFS($R$2:R62,R62,$S$2:S62,1)=1,1,0),0) -> 0 | AJ62: =SUM($AI$2:AI62) -> 10
B63: Owner | C63: 19.61 | D63: 46276 | E63: 0.72152778 | G63: 0.72847222 | H63: 0.16 | I63: 0 | J63: 0 | L63: 0 | M63: 0 | N63: 0.16 | O63: 22.9 | P63: 2.11 | Q63: 0 | R63: =IF(A63<>"",IF(A63="Total","",A63),IF(D63<>"",R62,"")) -> Ryan Tiet | S63: =IF(AND(D63<>"",A63<>"Total"),1,0) -> 1 | T63: =IF(S63=1, DATE(YEAR(Settings!$B$3), MONTH(D63), DAY(D63)), "") -> 46276 | U63: =IF(S63=1,IFERROR(INDEX(Settings!$B$12:$B$41,MATCH($B63,Settings!$A$12:$A$41,0)),"N"),"") -> N | V63: =IF(S63=1,IFERROR(INDEX(Settings!$C$12:$C$41,MATCH($B63,Settings!$A$12:$A$41,0)),""),"") -> % of Tips | W63: =IF(S63=1,IFERROR(INDEX(Settings!$D$12:$D$41,MATCH($B63,Settings!$A$12:$A$41,0)),0),0) -> 0 | X63: =IF(AND(S63=1,U63="Y"),IF(V63="% of Sales",O63*W63,IF(V63="% of Tips",P63*W63,0)),0) -> 0 | Y63: =IF(S63=1,P63-X63,"") -> 2.11 | Z63: =IF(S63=1,IFERROR(INDEX(Settings!$E$12:$E$41,MATCH($B63,Settings!$A$12:$A$41,0)),"N"),"") -> N | AA63: =IF(S63=1,IFERROR(INDEX(Settings!$F$12:$F$41,MATCH($B63,Settings!$A$12:$A$41,0)),0),0) -> 0 | AB63: =IF(S63=1,IFERROR(INDEX(Settings!$G$12:$G$41,MATCH($B63,Settings!$A$12:$A$41,0)),0),0) -> 1 | AC63: =IF(S63=1,SUMIFS($X$2:$X$601,$S$2:$S$601,1,$T$2:$T$601,T63),"") -> 87.71 | AD63: =IF(S63=1,SUMIFS($N$2:$N$601,$S$2:$S$601,1,$T$2:$T$601,T63,$B$2:$B$601,B63),"") -> 0.25 | AE63: =IF(S63=1,SUMIFS($N$2:$N$601,$S$2:$S$601,1,$T$2:$T$601,T63,$Z$2:$Z$601,"Y"),"") -> 15.74 | AF63: =IF(S63=1,SUMPRODUCT(($S$2:$S$601=1)*($T$2:$T$601=T63)*($Z$2:$Z$601="Y")*($N$2:$N$601)*($AB$2:$AB$601)),"") -> 15.74 | AG63: =IF(AND(S63=1,Z63="Y"),IF(Settings!$B$6="Percentage",IF(AD63=0,0,AC63*AA63*(N63/AD63)),IF(Settings!$B$6="Points",IF(AF63=0,0,AC63*(N63*AB63)/AF63),IF(Settings!$B$6="Equally",IF(AE63=0,0,AC63*N63/AE63),0))),0) -> 0 | AH63: =IF(S63=1,Y63+AG63,"") -> 2.11 | AI63: =IF(S63=1,IF(COUNTIFS($R$2:R63,R63,$S$2:S63,1)=1,1,0),0) -> 0 | AJ63: =SUM($AI$2:AI63) -> 10
B64: Owner | C64: 19.61 | D64: 46277 | E64: 0.50208333 | G64: 0.70833333 | H64: 4.95 | I64: 0 | J64: 0 | L64: 0.17 | M64: 0 | N64: 4.95 | O64: 88.16 | P64: 1.47 | Q64: 0 | R64: =IF(A64<>"",IF(A64="Total","",A64),IF(D64<>"",R63,"")) -> Ryan Tiet | S64: =IF(AND(D64<>"",A64<>"Total"),1,0) -> 1 | T64: =IF(S64=1, DATE(YEAR(Settings!$B$3), MONTH(D64), DAY(D64)), "") -> 46277 | U64: =IF(S64=1,IFERROR(INDEX(Settings!$B$12:$B$41,MATCH($B64,Settings!$A$12:$A$41,0)),"N"),"") -> N | V64: =IF(S64=1,IFERROR(INDEX(Settings!$C$12:$C$41,MATCH($B64,Settings!$A$12:$A$41,0)),""),"") -> % of Tips | W64: =IF(S64=1,IFERROR(INDEX(Settings!$D$12:$D$41,MATCH($B64,Settings!$A$12:$A$41,0)),0),0) -> 0 | X64: =IF(AND(S64=1,U64="Y"),IF(V64="% of Sales",O64*W64,IF(V64="% of Tips",P64*W64,0)),0) -> 0 | Y64: =IF(S64=1,P64-X64,"") -> 1.47 | Z64: =IF(S64=1,IFERROR(INDEX(Settings!$E$12:$E$41,MATCH($B64,Settings!$A$12:$A$41,0)),"N"),"") -> N | AA64: =IF(S64=1,IFERROR(INDEX(Settings!$F$12:$F$41,MATCH($B64,Settings!$A$12:$A$41,0)),0),0) -> 0 | AB64: =IF(S64=1,IFERROR(INDEX(Settings!$G$12:$G$41,MATCH($B64,Settings!$A$12:$A$41,0)),0),0) -> 1 | AC64: =IF(S64=1,SUMIFS($X$2:$X$601,$S$2:$S$601,1,$T$2:$T$601,T64),"") -> 220.79 | AD64: =IF(S64=1,SUMIFS($N$2:$N$601,$S$2:$S$601,1,$T$2:$T$601,T64,$B$2:$B$601,B64),"") -> 4.95 | AE64: =IF(S64=1,SUMIFS($N$2:$N$601,$S$2:$S$601,1,$T$2:$T$601,T64,$Z$2:$Z$601,"Y"),"") -> 24.11 | AF64: =IF(S64=1,SUMPRODUCT(($S$2:$S$601=1)*($T$2:$T$601=T64)*($Z$2:$Z$601="Y")*($N$2:$N$601)*($AB$2:$AB$601)),"") -> 24.11 | AG64: =IF(AND(S64=1,Z64="Y"),IF(Settings!$B$6="Percentage",IF(AD64=0,0,AC64*AA64*(N64/AD64)),IF(Settings!$B$6="Points",IF(AF64=0,0,AC64*(N64*AB64)/AF64),IF(Settings!$B$6="Equally",IF(AE64=0,0,AC64*N64/AE64),0))),0) -> 0 | AH64: =IF(S64=1,Y64+AG64,"") -> 1.47 | AI64: =IF(S64=1,IF(COUNTIFS($R$2:R64,R64,$S$2:S64,1)=1,1,0),0) -> 0 | AJ64: =SUM($AI$2:AI64) -> 10
B65: Owner | C65: 19.61 | D65: 46278 | E65: 0.40069444 | G65: 0.70902778 | H65: 6.85 | I65: 0 | J65: 0 | L65: 0.34 | M65: 0.54 | N65: 6.85 | O65: 0 | P65: 0 | Q65: 0 | R65: =IF(A65<>"",IF(A65="Total","",A65),IF(D65<>"",R64,"")) -> Ryan Tiet | S65: =IF(AND(D65<>"",A65<>"Total"),1,0) -> 1 | T65: =IF(S65=1, DATE(YEAR(Settings!$B$3), MONTH(D65), DAY(D65)), "") -> 46278 | U65: =IF(S65=1,IFERROR(INDEX(Settings!$B$12:$B$41,MATCH($B65,Settings!$A$12:$A$41,0)),"N"),"") -> N | V65: =IF(S65=1,IFERROR(INDEX(Settings!$C$12:$C$41,MATCH($B65,Settings!$A$12:$A$41,0)),""),"") -> % of Tips | W65: =IF(S65=1,IFERROR(INDEX(Settings!$D$12:$D$41,MATCH($B65,Settings!$A$12:$A$41,0)),0),0) -> 0 | X65: =IF(AND(S65=1,U65="Y"),IF(V65="% of Sales",O65*W65,IF(V65="% of Tips",P65*W65,0)),0) -> 0 | Y65: =IF(S65=1,P65-X65,"") -> 0 | Z65: =IF(S65=1,IFERROR(INDEX(Settings!$E$12:$E$41,MATCH($B65,Settings!$A$12:$A$41,0)),"N"),"") -> N | AA65: =IF(S65=1,IFERROR(INDEX(Settings!$F$12:$F$41,MATCH($B65,Settings!$A$12:$A$41,0)),0),0) -> 0 | AB65: =IF(S65=1,IFERROR(INDEX(Settings!$G$12:$G$41,MATCH($B65,Settings!$A$12:$A$41,0)),0),0) -> 1 | AC65: =IF(S65=1,SUMIFS($X$2:$X$601,$S$2:$S$601,1,$T$2:$T$601,T65),"") -> 242.76 | AD65: =IF(S65=1,SUMIFS($N$2:$N$601,$S$2:$S$601,1,$T$2:$T$601,T65,$B$2:$B$601,B65),"") -> 6.85 | AE65: =IF(S65=1,SUMIFS($N$2:$N$601,$S$2:$S$601,1,$T$2:$T$601,T65,$Z$2:$Z$601,"Y"),"") -> 20.37 | AF65: =IF(S65=1,SUMPRODUCT(($S$2:$S$601=1)*($T$2:$T$601=T65)*($Z$2:$Z$601="Y")*($N$2:$N$601)*($AB$2:$AB$601)),"") -> 20.37 | AG65: =IF(AND(S65=1,Z65="Y"),IF(Settings!$B$6="Percentage",IF(AD65=0,0,AC65*AA65*(N65/AD65)),IF(Settings!$B$6="Points",IF(AF65=0,0,AC65*(N65*AB65)/AF65),IF(Settings!$B$6="Equally",IF(AE65=0,0,AC65*N65/AE65),0))),0) -> 0 | AH65: =IF(S65=1,Y65+AG65,"") -> 0 | AI65: =IF(S65=1,IF(COUNTIFS($R$2:R65,R65,$S$2:S65,1)=1,1,0),0) -> 0 | AJ65: =SUM($AI$2:AI65) -> 10
B66: Owner | C66: 19.61 | D66: 46279 | E66: 0.40763889 | G66: 0.40833333 | H66: 0.01 | I66: 0 | J66: 0 | L66: 0 | M66: 0 | N66: 0.01 | O66: 0 | P66: 12 | Q66: 0 | R66: =IF(A66<>"",IF(A66="Total","",A66),IF(D66<>"",R65,"")) -> Ryan Tiet | S66: =IF(AND(D66<>"",A66<>"Total"),1,0) -> 1 | T66: =IF(S66=1, DATE(YEAR(Settings!$B$3), MONTH(D66), DAY(D66)), "") -> 46279 | U66: =IF(S66=1,IFERROR(INDEX(Settings!$B$12:$B$41,MATCH($B66,Settings!$A$12:$A$41,0)),"N"),"") -> N | V66: =IF(S66=1,IFERROR(INDEX(Settings!$C$12:$C$41,MATCH($B66,Settings!$A$12:$A$41,0)),""),"") -> % of Tips | W66: =IF(S66=1,IFERROR(INDEX(Settings!$D$12:$D$41,MATCH($B66,Settings!$A$12:$A$41,0)),0),0) -> 0 | X66: =IF(AND(S66=1,U66="Y"),IF(V66="% of Sales",O66*W66,IF(V66="% of Tips",P66*W66,0)),0) -> 0 | Y66: =IF(S66=1,P66-X66,"") -> 12 | Z66: =IF(S66=1,IFERROR(INDEX(Settings!$E$12:$E$41,MATCH($B66,Settings!$A$12:$A$41,0)),"N"),"") -> N | AA66: =IF(S66=1,IFERROR(INDEX(Settings!$F$12:$F$41,MATCH($B66,Settings!$A$12:$A$41,0)),0),0) -> 0 | AB66: =IF(S66=1,IFERROR(INDEX(Settings!$G$12:$G$41,MATCH($B66,Settings!$A$12:$A$41,0)),0),0) -> 1 | AC66: =IF(S66=1,SUMIFS($X$2:$X$601,$S$2:$S$601,1,$T$2:$T$601,T66),"") -> 80.03 | AD66: =IF(S66=1,SUMIFS($N$2:$N$601,$S$2:$S$601,1,$T$2:$T$601,T66,$B$2:$B$601,B66),"") -> 0.6 | AE66: =IF(S66=1,SUMIFS($N$2:$N$601,$S$2:$S$601,1,$T$2:$T$601,T66,$Z$2:$Z$601,"Y"),"") -> 7.23 | AF66: =IF(S66=1,SUMPRODUCT(($S$2:$S$601=1)*($T$2:$T$601=T66)*($Z$2:$Z$601="Y")*($N$2:$N$601)*($AB$2:$AB$601)),"") -> 7.23 | AG66: =IF(AND(S66=1,Z66="Y"),IF(Settings!$B$6="Percentage",IF(AD66=0,0,AC66*AA66*(N66/AD66)),IF(Settings!$B$6="Points",IF(AF66=0,0,AC66*(N66*AB66)/AF66),IF(Settings!$B$6="Equally",IF(AE66=0,0,AC66*N66/AE66),0))),0) -> 0 | AH66: =IF(S66=1,Y66+AG66,"") -> 12 | AI66: =IF(S66=1,IF(COUNTIFS($R$2:R66,R66,$S$2:S66,1)=1,1,0),0) -> 0 | AJ66: =SUM($AI$2:AI66) -> 10
B67: Owner | C67: 19.61 | D67: 46279 | E67: 0.55347222 | G67: 0.57777778 | H67: 0.59 | I67: 0 | J67: 0 | L67: 0 | M67: 0 | N67: 0.59 | O67: 40.35 | P67: 4.82 | Q67: 0 | R67: =IF(A67<>"",IF(A67="Total","",A67),IF(D67<>"",R66,"")) -> Ryan Tiet | S67: =IF(AND(D67<>"",A67<>"Total"),1,0) -> 1 | T67: =IF(S67=1, DATE(YEAR(Settings!$B$3), MONTH(D67), DAY(D67)), "") -> 46279 | U67: =IF(S67=1,IFERROR(INDEX(Settings!$B$12:$B$41,MATCH($B67,Settings!$A$12:$A$41,0)),"N"),"") -> N | V67: =IF(S67=1,IFERROR(INDEX(Settings!$C$12:$C$41,MATCH($B67,Settings!$A$12:$A$41,0)),""),"") -> % of Tips | W67: =IF(S67=1,IFERROR(INDEX(Settings!$D$12:$D$41,MATCH($B67,Settings!$A$12:$A$41,0)),0),0) -> 0 | X67: =IF(AND(S67=1,U67="Y"),IF(V67="% of Sales",O67*W67,IF(V67="% of Tips",P67*W67,0)),0) -> 0 | Y67: =IF(S67=1,P67-X67,"") -> 4.82 | Z67: =IF(S67=1,IFERROR(INDEX(Settings!$E$12:$E$41,MATCH($B67,Settings!$A$12:$A$41,0)),"N"),"") -> N | AA67: =IF(S67=1,IFERROR(INDEX(Settings!$F$12:$F$41,MATCH($B67,Settings!$A$12:$A$41,0)),0),0) -> 0 | AB67: =IF(S67=1,IFERROR(INDEX(Settings!$G$12:$G$41,MATCH($B67,Settings!$A$12:$A$41,0)),0),0) -> 1 | AC67: =IF(S67=1,SUMIFS($X$2:$X$601,$S$2:$S$601,1,$T$2:$T$601,T67),"") -> 80.03 | AD67: =IF(S67=1,SUMIFS($N$2:$N$601,$S$2:$S$601,1,$T$2:$T$601,T67,$B$2:$B$601,B67),"") -> 0.6 | AE67: =IF(S67=1,SUMIFS($N$2:$N$601,$S$2:$S$601,1,$T$2:$T$601,T67,$Z$2:$Z$601,"Y"),"") -> 7.23 | AF67: =IF(S67=1,SUMPRODUCT(($S$2:$S$601=1)*($T$2:$T$601=T67)*($Z$2:$Z$601="Y")*($N$2:$N$601)*($AB$2:$AB$601)),"") -> 7.23 | AG67: =IF(AND(S67=1,Z67="Y"),IF(Settings!$B$6="Percentage",IF(AD67=0,0,AC67*AA67*(N67/AD67)),IF(Settings!$B$6="Points",IF(AF67=0,0,AC67*(N67*AB67)/AF67),IF(Settings!$B$6="Equally",IF(AE67=0,0,AC67*N67/AE67),0))),0) -> 0 | AH67: =IF(S67=1,Y67+AG67,"") -> 4.82 | AI67: =IF(S67=1,IF(COUNTIFS($R$2:R67,R67,$S$2:S67,1)=1,1,0),0) -> 0 | AJ67: =SUM($AI$2:AI67) -> 10
B68: Owner | C68: 19.61 | D68: 46281 | E68: 0.52708333 | G68: 0.53333333 | H68: 0.15 | I68: 0 | J68: 0 | L68: 0 | M68: 0 | N68: 0.15 | O68: 16.2 | P68: 0.92 | Q68: 0 | R68: =IF(A68<>"",IF(A68="Total","",A68),IF(D68<>"",R67,"")) -> Ryan Tiet | S68: =IF(AND(D68<>"",A68<>"Total"),1,0) -> 1 | T68: =IF(S68=1, DATE(YEAR(Settings!$B$3), MONTH(D68), DAY(D68)), "") -> 46281 | U68: =IF(S68=1,IFERROR(INDEX(Settings!$B$12:$B$41,MATCH($B68,Settings!$A$12:$A$41,0)),"N"),"") -> N | V68: =IF(S68=1,IFERROR(INDEX(Settings!$C$12:$C$41,MATCH($B68,Settings!$A$12:$A$41,0)),""),"") -> % of Tips | W68: =IF(S68=1,IFERROR(INDEX(Settings!$D$12:$D$41,MATCH($B68,Settings!$A$12:$A$41,0)),0),0) -> 0 | X68: =IF(AND(S68=1,U68="Y"),IF(V68="% of Sales",O68*W68,IF(V68="% of Tips",P68*W68,0)),0) -> 0 | Y68: =IF(S68=1,P68-X68,"") -> 0.92 | Z68: =IF(S68=1,IFERROR(INDEX(Settings!$E$12:$E$41,MATCH($B68,Settings!$A$12:$A$41,0)),"N"),"") -> N | AA68: =IF(S68=1,IFERROR(INDEX(Settings!$F$12:$F$41,MATCH($B68,Settings!$A$12:$A$41,0)),0),0) -> 0 | AB68: =IF(S68=1,IFERROR(INDEX(Settings!$G$12:$G$41,MATCH($B68,Settings!$A$12:$A$41,0)),0),0) -> 1 | AC68: =IF(S68=1,SUMIFS($X$2:$X$601,$S$2:$S$601,1,$T$2:$T$601,T68),"") -> 81.58 | AD68: =IF(S68=1,SUMIFS($N$2:$N$601,$S$2:$S$601,1,$T$2:$T$601,T68,$B$2:$B$601,B68),"") -> 0.15 | AE68: =IF(S68=1,SUMIFS($N$2:$N$601,$S$2:$S$601,1,$T$2:$T$601,T68,$Z$2:$Z$601,"Y"),"") -> 8.65 | AF68: =IF(S68=1,SUMPRODUCT(($S$2:$S$601=1)*($T$2:$T$601=T68)*($Z$2:$Z$601="Y")*($N$2:$N$601)*($AB$2:$AB$601)),"") -> 8.65 | AG68: =IF(AND(S68=1,Z68="Y"),IF(Settings!$B$6="Percentage",IF(AD68=0,0,AC68*AA68*(N68/AD68)),IF(Settings!$B$6="Points",IF(AF68=0,0,AC68*(N68*AB68)/AF68),IF(Settings!$B$6="Equally",IF(AE68=0,0,AC68*N68/AE68),0))),0) -> 0 | AH68: =IF(S68=1,Y68+AG68,"") -> 0.92 | AI68: =IF(S68=1,IF(COUNTIFS($R$2:R68,R68,$S$2:S68,1)=1,1,0),0) -> 0 | AJ68: =SUM($AI$2:AI68) -> 10
B69: Owner | C69: 19.61 | D69: 46282 | E69: 0.48055556 | G69: 0.52986111 | H69: 1.17 | I69: 0 | J69: 0 | L69: 0 | M69: 0 | N69: 1.17 | O69: 104.05 | P69: 8.37 | Q69: 0 | R69: =IF(A69<>"",IF(A69="Total","",A69),IF(D69<>"",R68,"")) -> Ryan Tiet | S69: =IF(AND(D69<>"",A69<>"Total"),1,0) -> 1 | T69: =IF(S69=1, DATE(YEAR(Settings!$B$3), MONTH(D69), DAY(D69)), "") -> 46282 | U69: =IF(S69=1,IFERROR(INDEX(Settings!$B$12:$B$41,MATCH($B69,Settings!$A$12:$A$41,0)),"N"),"") -> N | V69: =IF(S69=1,IFERROR(INDEX(Settings!$C$12:$C$41,MATCH($B69,Settings!$A$12:$A$41,0)),""),"") -> % of Tips | W69: =IF(S69=1,IFERROR(INDEX(Settings!$D$12:$D$41,MATCH($B69,Settings!$A$12:$A$41,0)),0),0) -> 0 | X69: =IF(AND(S69=1,U69="Y"),IF(V69="% of Sales",O69*W69,IF(V69="% of Tips",P69*W69,0)),0) -> 0 | Y69: =IF(S69=1,P69-X69,"") -> 8.37 | Z69: =IF(S69=1,IFERROR(INDEX(Settings!$E$12:$E$41,MATCH($B69,Settings!$A$12:$A$41,0)),"N"),"") -> N | AA69: =IF(S69=1,IFERROR(INDEX(Settings!$F$12:$F$41,MATCH($B69,Settings!$A$12:$A$41,0)),0),0) -> 0 | AB69: =IF(S69=1,IFERROR(INDEX(Settings!$G$12:$G$41,MATCH($B69,Settings!$A$12:$A$41,0)),0),0) -> 1 | AC69: =IF(S69=1,SUMIFS($X$2:$X$601,$S$2:$S$601,1,$T$2:$T$601,T69),"") -> 72.78 | AD69: =IF(S69=1,SUMIFS($N$2:$N$601,$S$2:$S$601,1,$T$2:$T$601,T69,$B$2:$B$601,B69),"") -> 1.28 | AE69: =IF(S69=1,SUMIFS($N$2:$N$601,$S$2:$S$601,1,$T$2:$T$601,T69,$Z$2:$Z$601,"Y"),"") -> 8.07 | AF69: =IF(S69=1,SUMPRODUCT(($S$2:$S$601=1)*($T$2:$T$601=T69)*($Z$2:$Z$601="Y")*($N$2:$N$601)*($AB$2:$AB$601)),"") -> 8.07 | AG69: =IF(AND(S69=1,Z69="Y"),IF(Settings!$B$6="Percentage",IF(AD69=0,0,AC69*AA69*(N69/AD69)),IF(Settings!$B$6="Points",IF(AF69=0,0,AC69*(N69*AB69)/AF69),IF(Settings!$B$6="Equally",IF(AE69=0,0,AC69*N69/AE69),0))),0) -> 0 | AH69: =IF(S69=1,Y69+AG69,"") -> 8.37 | AI69: =IF(S69=1,IF(COUNTIFS($R$2:R69,R69,$S$2:S69,1)=1,1,0),0) -> 0 | AJ69: =SUM($AI$2:AI69) -> 10
... B73: Owner | C73: 19.61 | D73: 46285 | E73: 0.73125 | G73: 0.75069444 | H73: 0.47 | I73: 0 | J73: 0 | L73: 0 | M73: 0 | N73: 0.47 | O73: 85.34 | P73: 4.27 | Q73: 0 | R73: =IF(A73<>"",IF(A73="Total","",A73),IF(D73<>"",R72,"")) -> Ryan Tiet | S73: =IF(AND(D73<>"",A73<>"Total"),1,0) -> 1 | T73: =IF(S73=1, DATE(YEAR(Settings!$B$3), MONTH(D73), DAY(D73)), "") -> 46285 | U73: =IF(S73=1,IFERROR(INDEX(Settings!$B$12:$B$41,MATCH($B73,Settings!$A$12:$A$41,0)),"N"),"") -> N | V73: =IF(S73=1,IFERROR(INDEX(Settings!$C$12:$C$41,MATCH($B73,Settings!$A$12:$A$41,0)),""),"") -> % of Tips | W73: =IF(S73=1,IFERROR(INDEX(Settings!$D$12:$D$41,MATCH($B73,Settings!$A$12:$A$41,0)),0),0) -> 0 | X73: =IF(AND(S73=1,U73="Y"),IF(V73="% of Sales",O73*W73,IF(V73="% of Tips",P73*W73,0)),0) -> 0 | Y73: =IF(S73=1,P73-X73,"") -> 4.27 | Z73: =IF(S73=1,IFERROR(INDEX(Settings!$E$12:$E$41,MATCH($B73,Settings!$A$12:$A$41,0)),"N"),"") -> N | AA73: =IF(S73=1,IFERROR(INDEX(Settings!$F$12:$F$41,MATCH($B73,Settings!$A$12:$A$41,0)),0),0) -> 0 | AB73: =IF(S73=1,IFERROR(INDEX(Settings!$G$12:$G$41,MATCH($B73,Settings!$A$12:$A$41,0)),0),0) -> 1 | AC73: =IF(S73=1,SUMIFS($X$2:$X$601,$S$2:$S$601,1,$T$2:$T$601,T73),"") -> 146.5 | AD73: =IF(S73=1,SUMIFS($N$2:$N$601,$S$2:$S$601,1,$T$2:$T$601,T73,$B$2:$B$601,B73),"") -> 0.47 | AE73: =IF(S73=1,SUMIFS($N$2:$N$601,$S$2:$S$601,1,$T$2:$T$601,T73,$Z$2:$Z$601,"Y"),"") -> 22.34 | AF73: =IF(S73=1,SUMPRODUCT(($S$2:$S$601=1)*($T$2:$T$601=T73)*($Z$2:$Z$601="Y")*($N$2:$N$601)*($AB$2:$AB$601)),"") -> 22.34 | AG73: =IF(AND(S73=1,Z73="Y"),IF(Settings!$B$6="Percentage",IF(AD73=0,0,AC73*AA73*(N73/AD73)),IF(Settings!$B$6="Points",IF(AF73=0,0,AC73*(N73*AB73)/AF73),IF(Settings!$B$6="Equally",IF(AE73=0,0,AC73*N73/AE73),0))),0) -> 0 | AH73: =IF(S73=1,Y73+AG73,"") -> 4.27 | AI73: =IF(S73=1,IF(COUNTIFS($R$2:R73,R73,$S$2:S73,1)=1,1,0),0) -> 0 | AJ73: =SUM($AI$2:AI73) -> 10
A74: Total | H74: 21.97 | I74: 0 | J74: 0 | K74: 0 | L74: 0.68 | M74: 0.54 | N74: 21.97 | O74: 1857.77 | P74: 152.7 | Q74: 0 | R74: =IF(A74<>"",IF(A74="Total","",A74),IF(D74<>"",R73,"")) | S74: =IF(AND(D74<>"",A74<>"Total"),1,0) -> 0 | T74: =IF(S74=1, DATE(YEAR(Settings!$B$3), MONTH(D74), DAY(D74)), "") | U74: =IF(S74=1,IFERROR(INDEX(Settings!$B$12:$B$41,MATCH($B74,Settings!$A$12:$A$41,0)),"N"),"") | V74: =IF(S74=1,IFERROR(INDEX(Settings!$C$12:$C$41,MATCH($B74,Settings!$A$12:$A$41,0)),""),"") | W74: =IF(S74=1,IFERROR(INDEX(Settings!$D$12:$D$41,MATCH($B74,Settings!$A$12:$A$41,0)),0),0) -> 0 | X74: =IF(AND(S74=1,U74="Y"),IF(V74="% of Sales",O74*W74,IF(V74="% of Tips",P74*W74,0)),0) -> 0 | Y74: =IF(S74=1,P74-X74,"") | Z74: =IF(S74=1,IFERROR(INDEX(Settings!$E$12:$E$41,MATCH($B74,Settings!$A$12:$A$41,0)),"N"),"") | AA74: =IF(S74=1,IFERROR(INDEX(Settings!$F$12:$F$41,MATCH($B74,Settings!$A$12:$A$41,0)),0),0) -> 0 | AB74: =IF(S74=1,IFERROR(INDEX(Settings!$G$12:$G$41,MATCH($B74,Settings!$A$12:$A$41,0)),0),0) -> 0 | AC74: =IF(S74=1,SUMIFS($X$2:$X$601,$S$2:$S$601,1,$T$2:$T$601,T74),"") | AD74: =IF(S74=1,SUMIFS($N$2:$N$601,$S$2:$S$601,1,$T$2:$T$601,T74,$B$2:$B$601,B74),"") | AE74: =IF(S74=1,SUMIFS($N$2:$N$601,$S$2:$S$601,1,$T$2:$T$601,T74,$Z$2:$Z$601,"Y"),"") | AF74: =IF(S74=1,SUMPRODUCT(($S$2:$S$601=1)*($T$2:$T$601=T74)*($Z$2:$Z$601="Y")*($N$2:$N$601)*($AB$2:$AB$601)),"") | AG74: =IF(AND(S74=1,Z74="Y"),IF(Settings!$B$6="Percentage",IF(AD74=0,0,AC74*AA74*(N74/AD74)),IF(Settings!$B$6="Points",IF(AF74=0,0,AC74*(N74*AB74)/AF74),IF(Settings!$B$6="Equally",IF(AE74=0,0,AC74*N74/AE74),0))),0) -> 0 | AH74: =IF(S74=1,Y74+AG74,"") | AI74: =IF(S74=1,IF(COUNTIFS($R$2:R74,R74,$S$2:S74,1)=1,1,0),0) -> 0 | AJ74: =SUM($AI$2:AI74) -> 10
R75: =IF(A75<>"",IF(A75="Total","",A75),IF(D75<>"",R74,"")) | S75: =IF(AND(D75<>"",A75<>"Total"),1,0) -> 0 | T75: =IF(S75=1, DATE(YEAR(Settings!$B$3), MONTH(D75), DAY(D75)), "") | U75: =IF(S75=1,IFERROR(INDEX(Settings!$B$12:$B$41,MATCH($B75,Settings!$A$12:$A$41,0)),"N"),"") | V75: =IF(S75=1,IFERROR(INDEX(Settings!$C$12:$C$41,MATCH($B75,Settings!$A$12:$A$41,0)),""),"") | W75: =IF(S75=1,IFERROR(INDEX(Settings!$D$12:$D$41,MATCH($B75,Settings!$A$12:$A$41,0)),0),0) -> 0 | X75: =IF(AND(S75=1,U75="Y"),IF(V75="% of Sales",O75*W75,IF(V75="% of Tips",P75*W75,0)),0) -> 0 | Y75: =IF(S75=1,P75-X75,"") | Z75: =IF(S75=1,IFERROR(INDEX(Settings!$E$12:$E$41,MATCH($B75,Settings!$A$12:$A$41,0)),"N"),"") | AA75: =IF(S75=1,IFERROR(INDEX(Settings!$F$12:$F$41,MATCH($B75,Settings!$A$12:$A$41,0)),0),0) -> 0 | AB75: =IF(S75=1,IFERROR(INDEX(Settings!$G$12:$G$41,MATCH($B75,Settings!$A$12:$A$41,0)),0),0) -> 0 | AC75: =IF(S75=1,SUMIFS($X$2:$X$601,$S$2:$S$601,1,$T$2:$T$601,T75),"") | AD75: =IF(S75=1,SUMIFS($N$2:$N$601,$S$2:$S$601,1,$T$2:$T$601,T75,$B$2:$B$601,B75),"") | AE75: =IF(S75=1,SUMIFS($N$2:$N$601,$S$2:$S$601,1,$T$2:$T$601,T75,$Z$2:$Z$601,"Y"),"") | AF75: =IF(S75=1,SUMPRODUCT(($S$2:$S$601=1)*($T$2:$T$601=T75)*($Z$2:$Z$601="Y")*($N$2:$N$601)*($AB$2:$AB$601)),"") | AG75: =IF(AND(S75=1,Z75="Y"),IF(Settings!$B$6="Percentage",IF(AD75=0,0,AC75*AA75*(N75/AD75)),IF(Settings!$B$6="Points",IF(AF75=0,0,AC75*(N75*AB75)/AF75),IF(Settings!$B$6="Equally",IF(AE75=0,0,AC75*N75/AE75),0))),0) -> 0 | AH75: =IF(S75=1,Y75+AG75,"") | AI75: =IF(S75=1,IF(COUNTIFS($R$2:R75,R75,$S$2:S75,1)=1,1,0),0) -> 0 | AJ75: =SUM($AI$2:AI75) -> 10
A76: Restaurant | B76: Summary | D76: 46272 | N76: 1 | P76: 214.15 | R76: =IF(A76<>"",IF(A76="Total","",A76),IF(D76<>"",R75,"")) -> Restaurant | S76: =IF(AND(D76<>"",A76<>"Total"),1,0) -> 1 | T76: =IF(S76=1, DATE(YEAR(Settings!$B$3), MONTH(D76), DAY(D76)), "") -> 46272 | U76: =IF(S76=1,IFERROR(INDEX(Settings!$B$12:$B$41,MATCH($B76,Settings!$A$12:$A$41,0)),"N"),"") -> Y | V76: =IF(S76=1,IFERROR(INDEX(Settings!$C$12:$C$41,MATCH($B76,Settings!$A$12:$A$41,0)),""),"") -> % of Tips | W76: =IF(S76=1,IFERROR(INDEX(Settings!$D$12:$D$41,MATCH($B76,Settings!$A$12:$A$41,0)),0),0) -> 1 | X76: =IF(AND(S76=1,U76="Y"),IF(V76="% of Sales",O76*W76,IF(V76="% of Tips",P76*W76,0)),0) -> 214.15 | Y76: =IF(S76=1,P76-X76,"") -> 0 | Z76: =IF(S76=1,IFERROR(INDEX(Settings!$E$12:$E$41,MATCH($B76,Settings!$A$12:$A$41,0)),"N"),"") -> N | AA76: =IF(S76=1,IFERROR(INDEX(Settings!$F$12:$F$41,MATCH($B76,Settings!$A$12:$A$41,0)),0),0) -> 0 | AB76: =IF(S76=1,IFERROR(INDEX(Settings!$G$12:$G$41,MATCH($B76,Settings!$A$12:$A$41,0)),0),0) -> 1 | AC76: =IF(S76=1,SUMIFS($X$2:$X$601,$S$2:$S$601,1,$T$2:$T$601,T76),"") -> 303.99 | AD76: =IF(S76=1,SUMIFS($N$2:$N$601,$S$2:$S$601,1,$T$2:$T$601,T76,$B$2:$B$601,B76),"") -> 1 | AE76: =IF(S76=1,SUMIFS($N$2:$N$601,$S$2:$S$601,1,$T$2:$T$601,T76,$Z$2:$Z$601,"Y"),"") -> 25.3 | AF76: =IF(S76=1,SUMPRODUCT(($S$2:$S$601=1)*($T$2:$T$601=T76)*($Z$2:$Z$601="Y")*($N$2:$N$601)*($AB$2:$AB$601)),"") -> 25.3 | AG76: =IF(AND(S76=1,Z76="Y"),IF(Settings!$B$6="Percentage",IF(AD76=0,0,AC76*AA76*(N76/AD76)),IF(Settings!$B$6="Points",IF(AF76=0,0,AC76*(N76*AB76)/AF76),IF(Settings!$B$6="Equally",IF(AE76=0,0,AC76*N76/AE76),0))),0) -> 0 | AH76: =IF(S76=1,Y76+AG76,"") -> 0 | AI76: =IF(S76=1,IF(COUNTIFS($R$2:R76,R76,$S$2:S76,1)=1,1,0),0) -> 1 | AJ76: =SUM($AI$2:AI76) -> 11
B77: Summary | D77: 46273 | N77: 1 | R77: =IF(A77<>"",IF(A77="Total","",A77),IF(D77<>"",R76,"")) -> Restaurant | S77: =IF(AND(D77<>"",A77<>"Total"),1,0) -> 1 | T77: =IF(S77=1, DATE(YEAR(Settings!$B$3), MONTH(D77), DAY(D77)), "") -> 46273 | U77: =IF(S77=1,IFERROR(INDEX(Settings!$B$12:$B$41,MATCH($B77,Settings!$A$12:$A$41,0)),"N"),"") -> Y | V77: =IF(S77=1,IFERROR(INDEX(Settings!$C$12:$C$41,MATCH($B77,Settings!$A$12:$A$41,0)),""),"") -> % of Tips | W77: =IF(S77=1,IFERROR(INDEX(Settings!$D$12:$D$41,MATCH($B77,Settings!$A$12:$A$41,0)),0),0) -> 1 | X77: =IF(AND(S77=1,U77="Y"),IF(V77="% of Sales",O77*W77,IF(V77="% of Tips",P77*W77,0)),0) -> 0 | Y77: =IF(S77=1,P77-X77,"") -> 0 | Z77: =IF(S77=1,IFERROR(INDEX(Settings!$E$12:$E$41,MATCH($B77,Settings!$A$12:$A$41,0)),"N"),"") -> N | AA77: =IF(S77=1,IFERROR(INDEX(Settings!$F$12:$F$41,MATCH($B77,Settings!$A$12:$A$41,0)),0),0) -> 0 | AB77: =IF(S77=1,IFERROR(INDEX(Settings!$G$12:$G$41,MATCH($B77,Settings!$A$12:$A$41,0)),0),0) -> 1 | AC77: =IF(S77=1,SUMIFS($X$2:$X$601,$S$2:$S$601,1,$T$2:$T$601,T77),"") -> 0 | AD77: =IF(S77=1,SUMIFS($N$2:$N$601,$S$2:$S$601,1,$T$2:$T$601,T77,$B$2:$B$601,B77),"") -> 1 | AE77: =IF(S77=1,SUMIFS($N$2:$N$601,$S$2:$S$601,1,$T$2:$T$601,T77,$Z$2:$Z$601,"Y"),"") -> 0 | AF77: =IF(S77=1,SUMPRODUCT(($S$2:$S$601=1)*($T$2:$T$601=T77)*($Z$2:$Z$601="Y")*($N$2:$N$601)*($AB$2:$AB$601)),"") -> 0 | AG77: =IF(AND(S77=1,Z77="Y"),IF(Settings!$B$6="Percentage",IF(AD77=0,0,AC77*AA77*(N77/AD77)),IF(Settings!$B$6="Points",IF(AF77=0,0,AC77*(N77*AB77)/AF77),IF(Settings!$B$6="Equally",IF(AE77=0,0,AC77*N77/AE77),0))),0) -> 0 | AH77: =IF(S77=1,Y77+AG77,"") -> 0 | AI77: =IF(S77=1,IF(COUNTIFS($R$2:R77,R77,$S$2:S77,1)=1,1,0),0) -> 0 | AJ77: =SUM($AI$2:AI77) -> 11
B78: Summary | D78: 46274 | N78: 1 | P78: 73.05 | R78: =IF(A78<>"",IF(A78="Total","",A78),IF(D78<>"",R77,"")) -> Restaurant | S78: =IF(AND(D78<>"",A78<>"Total"),1,0) -> 1 | T78: =IF(S78=1, DATE(YEAR(Settings!$B$3), MONTH(D78), DAY(D78)), "") -> 46274 | U78: =IF(S78=1,IFERROR(INDEX(Settings!$B$12:$B$41,MATCH($B78,Settings!$A$12:$A$41,0)),"N"),"") -> Y | V78: =IF(S78=1,IFERROR(INDEX(Settings!$C$12:$C$41,MATCH($B78,Settings!$A$12:$A$41,0)),""),"") -> % of Tips | W78: =IF(S78=1,IFERROR(INDEX(Settings!$D$12:$D$41,MATCH($B78,Settings!$A$12:$A$41,0)),0),0) -> 1 | X78: =IF(AND(S78=1,U78="Y"),IF(V78="% of Sales",O78*W78,IF(V78="% of Tips",P78*W78,0)),0) -> 73.05 | Y78: =IF(S78=1,P78-X78,"") -> 0 | Z78: =IF(S78=1,IFERROR(INDEX(Settings!$E$12:$E$41,MATCH($B78,Settings!$A$12:$A$41,0)),"N"),"") -> N | AA78: =IF(S78=1,IFERROR(INDEX(Settings!$F$12:$F$41,MATCH($B78,Settings!$A$12:$A$41,0)),0),0) -> 0 | AB78: =IF(S78=1,IFERROR(INDEX(Settings!$G$12:$G$41,MATCH($B78,Settings!$A$12:$A$41,0)),0),0) -> 1 | AC78: =IF(S78=1,SUMIFS($X$2:$X$601,$S$2:$S$601,1,$T$2:$T$601,T78),"") -> 104.42 | AD78: =IF(S78=1,SUMIFS($N$2:$N$601,$S$2:$S$601,1,$T$2:$T$601,T78,$B$2:$B$601,B78),"") -> 1 | AE78: =IF(S78=1,SUMIFS($N$2:$N$601,$S$2:$S$601,1,$T$2:$T$601,T78,$Z$2:$Z$601,"Y"),"") -> 10.98 | AF78: =IF(S78=1,SUMPRODUCT(($S$2:$S$601=1)*($T$2:$T$601=T78)*($Z$2:$Z$601="Y")*($N$2:$N$601)*($AB$2:$AB$601)),"") -> 10.98 | AG78: =IF(AND(S78=1,Z78="Y"),IF(Settings!$B$6="Percentage",IF(AD78=0,0,AC78*AA78*(N78/AD78)),IF(Settings!$B$6="Points",IF(AF78=0,0,AC78*(N78*AB78)/AF78),IF(Settings!$B$6="Equally",IF(AE78=0,0,AC78*N78/AE78),0))),0) -> 0 | AH78: =IF(S78=1,Y78+AG78,"") -> 0 | AI78: =IF(S78=1,IF(COUNTIFS($R$2:R78,R78,$S$2:S78,1)=1,1,0),0) -> 0 | AJ78: =SUM($AI$2:AI78) -> 11
B79: Summary | D79: 46275 | N79: 1 | P79: 51.78 | R79: =IF(A79<>"",IF(A79="Total","",A79),IF(D79<>"",R78,"")) -> Restaurant | S79: =IF(AND(D79<>"",A79<>"Total"),1,0) -> 1 | T79: =IF(S79=1, DATE(YEAR(Settings!$B$3), MONTH(D79), DAY(D79)), "") -> 46275 | U79: =IF(S79=1,IFERROR(INDEX(Settings!$B$12:$B$41,MATCH($B79,Settings!$A$12:$A$41,0)),"N"),"") -> Y | V79: =IF(S79=1,IFERROR(INDEX(Settings!$C$12:$C$41,MATCH($B79,Settings!$A$12:$A$41,0)),""),"") -> % of Tips | W79: =IF(S79=1,IFERROR(INDEX(Settings!$D$12:$D$41,MATCH($B79,Settings!$A$12:$A$41,0)),0),0) -> 1 | X79: =IF(AND(S79=1,U79="Y"),IF(V79="% of Sales",O79*W79,IF(V79="% of Tips",P79*W79,0)),0) -> 51.78 | Y79: =IF(S79=1,P79-X79,"") -> 0 | Z79: =IF(S79=1,IFERROR(INDEX(Settings!$E$12:$E$41,MATCH($B79,Settings!$A$12:$A$41,0)),"N"),"") -> N | AA79: =IF(S79=1,IFERROR(INDEX(Settings!$F$12:$F$41,MATCH($B79,Settings!$A$12:$A$41,0)),0),0) -> 0 | AB79: =IF(S79=1,IFERROR(INDEX(Settings!$G$12:$G$41,MATCH($B79,Settings!$A$12:$A$41,0)),0),0) -> 1 | AC79: =IF(S79=1,SUMIFS($X$2:$X$601,$S$2:$S$601,1,$T$2:$T$601,T79),"") -> 54.83 | AD79: =IF(S79=1,SUMIFS($N$2:$N$601,$S$2:$S$601,1,$T$2:$T$601,T79,$B$2:$B$601,B79),"") -> 1 | AE79: =IF(S79=1,SUMIFS($N$2:$N$601,$S$2:$S$601,1,$T$2:$T$601,T79,$Z$2:$Z$601,"Y"),"") -> 6.79 | AF79: =IF(S79=1,SUMPRODUCT(($S$2:$S$601=1)*($T$2:$T$601=T79)*($Z$2:$Z$601="Y")*($N$2:$N$601)*($AB$2:$AB$601)),"") -> 6.79 | AG79: =IF(AND(S79=1,Z79="Y"),IF(Settings!$B$6="Percentage",IF(AD79=0,0,AC79*AA79*(N79/AD79)),IF(Settings!$B$6="Points",IF(AF79=0,0,AC79*(N79*AB79)/AF79),IF(Settings!$B$6="Equally",IF(AE79=0,0,AC79*N79/AE79),0))),0) -> 0 | AH79: =IF(S79=1,Y79+AG79,"") -> 0 | AI79: =IF(S79=1,IF(COUNTIFS($R$2:R79,R79,$S$2:S79,1)=1,1,0),0) -> 0 | AJ79: =SUM($AI$2:AI79) -> 11
B80: Summary | D80: 46276 | N80: 1 | P80: 86.01 | R80: =IF(A80<>"",IF(A80="Total","",A80),IF(D80<>"",R79,"")) -> Restaurant | S80: =IF(AND(D80<>"",A80<>"Total"),1,0) -> 1 | T80: =IF(S80=1, DATE(YEAR(Settings!$B$3), MONTH(D80), DAY(D80)), "") -> 46276 | U80: =IF(S80=1,IFERROR(INDEX(Settings!$B$12:$B$41,MATCH($B80,Settings!$A$12:$A$41,0)),"N"),"") -> Y | V80: =IF(S80=1,IFERROR(INDEX(Settings!$C$12:$C$41,MATCH($B80,Settings!$A$12:$A$41,0)),""),"") -> % of Tips | W80: =IF(S80=1,IFERROR(INDEX(Settings!$D$12:$D$41,MATCH($B80,Settings!$A$12:$A$41,0)),0),0) -> 1 | X80: =IF(AND(S80=1,U80="Y"),IF(V80="% of Sales",O80*W80,IF(V80="% of Tips",P80*W80,0)),0) -> 86.01 | Y80: =IF(S80=1,P80-X80,"") -> 0 | Z80: =IF(S80=1,IFERROR(INDEX(Settings!$E$12:$E$41,MATCH($B80,Settings!$A$12:$A$41,0)),"N"),"") -> N | AA80: =IF(S80=1,IFERROR(INDEX(Settings!$F$12:$F$41,MATCH($B80,Settings!$A$12:$A$41,0)),0),0) -> 0 | AB80: =IF(S80=1,IFERROR(INDEX(Settings!$G$12:$G$41,MATCH($B80,Settings!$A$12:$A$41,0)),0),0) -> 1 | AC80: =IF(S80=1,SUMIFS($X$2:$X$601,$S$2:$S$601,1,$T$2:$T$601,T80),"") -> 87.71 | AD80: =IF(S80=1,SUMIFS($N$2:$N$601,$S$2:$S$601,1,$T$2:$T$601,T80,$B$2:$B$601,B80),"") -> 1 | AE80: =IF(S80=1,SUMIFS($N$2:$N$601,$S$2:$S$601,1,$T$2:$T$601,T80,$Z$2:$Z$601,"Y"),"") -> 15.74 | AF80: =IF(S80=1,SUMPRODUCT(($S$2:$S$601=1)*($T$2:$T$601=T80)*($Z$2:$Z$601="Y")*($N$2:$N$601)*($AB$2:$AB$601)),"") -> 15.74 | AG80: =IF(AND(S80=1,Z80="Y"),IF(Settings!$B$6="Percentage",IF(AD80=0,0,AC80*AA80*(N80/AD80)),IF(Settings!$B$6="Points",IF(AF80=0,0,AC80*(N80*AB80)/AF80),IF(Settings!$B$6="Equally",IF(AE80=0,0,AC80*N80/AE80),0))),0) -> 0 | AH80: =IF(S80=1,Y80+AG80,"") -> 0 | AI80: =IF(S80=1,IF(COUNTIFS($R$2:R80,R80,$S$2:S80,1)=1,1,0),0) -> 0 | AJ80: =SUM($AI$2:AI80) -> 11
B81: Summary | D81: 46277 | N81: 1 | P81: 201.42 | R81: =IF(A81<>"",IF(A81="Total","",A81),IF(D81<>"",R80,"")) -> Restaurant | S81: =IF(AND(D81<>"",A81<>"Total"),1,0) -> 1 | T81: =IF(S81=1, DATE(YEAR(Settings!$B$3), MONTH(D81), DAY(D81)), "") -> 46277 | U81: =IF(S81=1,IFERROR(INDEX(Settings!$B$12:$B$41,MATCH($B81,Settings!$A$12:$A$41,0)),"N"),"") -> Y | V81: =IF(S81=1,IFERROR(INDEX(Settings!$C$12:$C$41,MATCH($B81,Settings!$A$12:$A$41,0)),""),"") -> % of Tips | W81: =IF(S81=1,IFERROR(INDEX(Settings!$D$12:$D$41,MATCH($B81,Settings!$A$12:$A$41,0)),0),0) -> 1 | X81: =IF(AND(S81=1,U81="Y"),IF(V81="% of Sales",O81*W81,IF(V81="% of Tips",P81*W81,0)),0) -> 201.42 | Y81: =IF(S81=1,P81-X81,"") -> 0 | Z81: =IF(S81=1,IFERROR(INDEX(Settings!$E$12:$E$41,MATCH($B81,Settings!$A$12:$A$41,0)),"N"),"") -> N | AA81: =IF(S81=1,IFERROR(INDEX(Settings!$F$12:$F$41,MATCH($B81,Settings!$A$12:$A$41,0)),0),0) -> 0 | AB81: =IF(S81=1,IFERROR(INDEX(Settings!$G$12:$G$41,MATCH($B81,Settings!$A$12:$A$41,0)),0),0) -> 1 | AC81: =IF(S81=1,SUMIFS($X$2:$X$601,$S$2:$S$601,1,$T$2:$T$601,T81),"") -> 220.79 | AD81: =IF(S81=1,SUMIFS($N$2:$N$601,$S$2:$S$601,1,$T$2:$T$601,T81,$B$2:$B$601,B81),"") -> 1 | AE81: =IF(S81=1,SUMIFS($N$2:$N$601,$S$2:$S$601,1,$T$2:$T$601,T81,$Z$2:$Z$601,"Y"),"") -> 24.11 | AF81: =IF(S81=1,SUMPRODUCT(($S$2:$S$601=1)*($T$2:$T$601=T81)*($Z$2:$Z$601="Y")*($N$2:$N$601)*($AB$2:$AB$601)),"") -> 24.11 | AG81: =IF(AND(S81=1,Z81="Y"),IF(Settings!$B$6="Percentage",IF(AD81=0,0,AC81*AA81*(N81/AD81)),IF(Settings!$B$6="Points",IF(AF81=0,0,AC81*(N81*AB81)/AF81),IF(Settings!$B$6="Equally",IF(AE81=0,0,AC81*N81/AE81),0))),0) -> 0 | AH81: =IF(S81=1,Y81+AG81,"") -> 0 | AI81: =IF(S81=1,IF(COUNTIFS($R$2:R81,R81,$S$2:S81,1)=1,1,0),0) -> 0 | AJ81: =SUM($AI$2:AI81) -> 11
B82: Summary | D82: 46278 | N82: 1 | P82: 211.38 | R82: =IF(A82<>"",IF(A82="Total","",A82),IF(D82<>"",R81,"")) -> Restaurant | S82: =IF(AND(D82<>"",A82<>"Total"),1,0) -> 1 | T82: =IF(S82=1, DATE(YEAR(Settings!$B$3), MONTH(D82), DAY(D82)), "") -> 46278 | U82: =IF(S82=1,IFERROR(INDEX(Settings!$B$12:$B$41,MATCH($B82,Settings!$A$12:$A$41,0)),"N"),"") -> Y | V82: =IF(S82=1,IFERROR(INDEX(Settings!$C$12:$C$41,MATCH($B82,Settings!$A$12:$A$41,0)),""),"") -> % of Tips | W82: =IF(S82=1,IFERROR(INDEX(Settings!$D$12:$D$41,MATCH($B82,Settings!$A$12:$A$41,0)),0),0) -> 1 | X82: =IF(AND(S82=1,U82="Y"),IF(V82="% of Sales",O82*W82,IF(V82="% of Tips",P82*W82,0)),0) -> 211.38 | Y82: =IF(S82=1,P82-X82,"") -> 0 | Z82: =IF(S82=1,IFERROR(INDEX(Settings!$E$12:$E$41,MATCH($B82,Settings!$A$12:$A$41,0)),"N"),"") -> N | AA82: =IF(S82=1,IFERROR(INDEX(Settings!$F$12:$F$41,MATCH($B82,Settings!$A$12:$A$41,0)),0),0) -> 0 | AB82: =IF(S82=1,IFERROR(INDEX(Settings!$G$12:$G$41,MATCH($B82,Settings!$A$12:$A$41,0)),0),0) -> 1 | AC82: =IF(S82=1,SUMIFS($X$2:$X$601,$S$2:$S$601,1,$T$2:$T$601,T82),"") -> 242.76 | AD82: =IF(S82=1,SUMIFS($N$2:$N$601,$S$2:$S$601,1,$T$2:$T$601,T82,$B$2:$B$601,B82),"") -> 1 | AE82: =IF(S82=1,SUMIFS($N$2:$N$601,$S$2:$S$601,1,$T$2:$T$601,T82,$Z$2:$Z$601,"Y"),"") -> 20.37 | AF82: =IF(S82=1,SUMPRODUCT(($S$2:$S$601=1)*($T$2:$T$601=T82)*($Z$2:$Z$601="Y")*($N$2:$N$601)*($AB$2:$AB$601)),"") -> 20.37 | AG82: =IF(AND(S82=1,Z82="Y"),IF(Settings!$B$6="Percentage",IF(AD82=0,0,AC82*AA82*(N82/AD82)),IF(Settings!$B$6="Points",IF(AF82=0,0,AC82*(N82*AB82)/AF82),IF(Settings!$B$6="Equally",IF(AE82=0,0,AC82*N82/AE82),0))),0) -> 0 | AH82: =IF(S82=1,Y82+AG82,"") -> 0 | AI82: =IF(S82=1,IF(COUNTIFS($R$2:R82,R82,$S$2:S82,1)=1,1,0),0) -> 0 | AJ82: =SUM($AI$2:AI82) -> 11
B83: Summary | D83: 46279 | N83: 1 | P83: 72.55 | R83: =IF(A83<>"",IF(A83="Total","",A83),IF(D83<>"",R82,"")) -> Restaurant | S83: =IF(AND(D83<>"",A83<>"Total"),1,0) -> 1 | T83: =IF(S83=1, DATE(YEAR(Settings!$B$3), MONTH(D83), DAY(D83)), "") -> 46279 | U83: =IF(S83=1,IFERROR(INDEX(Settings!$B$12:$B$41,MATCH($B83,Settings!$A$12:$A$41,0)),"N"),"") -> Y | V83: =IF(S83=1,IFERROR(INDEX(Settings!$C$12:$C$41,MATCH($B83,Settings!$A$12:$A$41,0)),""),"") -> % of Tips | W83: =IF(S83=1,IFERROR(INDEX(Settings!$D$12:$D$41,MATCH($B83,Settings!$A$12:$A$41,0)),0),0) -> 1 | X83: =IF(AND(S83=1,U83="Y"),IF(V83="% of Sales",O83*W83,IF(V83="% of Tips",P83*W83,0)),0) -> 72.55 | Y83: =IF(S83=1,P83-X83,"") -> 0 | Z83: =IF(S83=1,IFERROR(INDEX(Settings!$E$12:$E$41,MATCH($B83,Settings!$A$12:$A$41,0)),"N"),"") -> N | AA83: =IF(S83=1,IFERROR(INDEX(Settings!$F$12:$F$41,MATCH($B83,Settings!$A$12:$A$41,0)),0),0) -> 0 | AB83: =IF(S83=1,IFERROR(INDEX(Settings!$G$12:$G$41,MATCH($B83,Settings!$A$12:$A$41,0)),0),0) -> 1 | AC83: =IF(S83=1,SUMIFS($X$2:$X$601,$S$2:$S$601,1,$T$2:$T$601,T83),"") -> 80.03 | AD83: =IF(S83=1,SUMIFS($N$2:$N$601,$S$2:$S$601,1,$T$2:$T$601,T83,$B$2:$B$601,B83),"") -> 1 | AE83: =IF(S83=1,SUMIFS($N$2:$N$601,$S$2:$S$601,1,$T$2:$T$601,T83,$Z$2:$Z$601,"Y"),"") -> 7.23 | AF83: =IF(S83=1,SUMPRODUCT(($S$2:$S$601=1)*($T$2:$T$601=T83)*($Z$2:$Z$601="Y")*($N$2:$N$601)*($AB$2:$AB$601)),"") -> 7.23 | AG83: =IF(AND(S83=1,Z83="Y"),IF(Settings!$B$6="Percentage",IF(AD83=0,0,AC83*AA83*(N83/AD83)),IF(Settings!$B$6="Points",IF(AF83=0,0,AC83*(N83*AB83)/AF83),IF(Settings!$B$6="Equally",IF(AE83=0,0,AC83*N83/AE83),0))),0) -> 0 | AH83: =IF(S83=1,Y83+AG83,"") -> 0 | AI83: =IF(S83=1,IF(COUNTIFS($R$2:R83,R83,$S$2:S83,1)=1,1,0),0) -> 0 | AJ83: =SUM($AI$2:AI83) -> 11
B84: Summary | D84: 46280 | N84: 1 | R84: =IF(A84<>"",IF(A84="Total","",A84),IF(D84<>"",R83,"")) -> Restaurant | S84: =IF(AND(D84<>"",A84<>"Total"),1,0) -> 1 | T84: =IF(S84=1, DATE(YEAR(Settings!$B$3), MONTH(D84), DAY(D84)), "") -> 46280 | U84: =IF(S84=1,IFERROR(INDEX(Settings!$B$12:$B$41,MATCH($B84,Settings!$A$12:$A$41,0)),"N"),"") -> Y | V84: =IF(S84=1,IFERROR(INDEX(Settings!$C$12:$C$41,MATCH($B84,Settings!$A$12:$A$41,0)),""),"") -> % of Tips | W84: =IF(S84=1,IFERROR(INDEX(Settings!$D$12:$D$41,MATCH($B84,Settings!$A$12:$A$41,0)),0),0) -> 1 | X84: =IF(AND(S84=1,U84="Y"),IF(V84="% of Sales",O84*W84,IF(V84="% of Tips",P84*W84,0)),0) -> 0 | Y84: =IF(S84=1,P84-X84,"") -> 0 | Z84: =IF(S84=1,IFERROR(INDEX(Settings!$E$12:$E$41,MATCH($B84,Settings!$A$12:$A$41,0)),"N"),"") -> N | AA84: =IF(S84=1,IFERROR(INDEX(Settings!$F$12:$F$41,MATCH($B84,Settings!$A$12:$A$41,0)),0),0) -> 0 | AB84: =IF(S84=1,IFERROR(INDEX(Settings!$G$12:$G$41,MATCH($B84,Settings!$A$12:$A$41,0)),0),0) -> 1 | AC84: =IF(S84=1,SUMIFS($X$2:$X$601,$S$2:$S$601,1,$T$2:$T$601,T84),"") -> 0 | AD84: =IF(S84=1,SUMIFS($N$2:$N$601,$S$2:$S$601,1,$T$2:$T$601,T84,$B$2:$B$601,B84),"") -> 1 | AE84: =IF(S84=1,SUMIFS($N$2:$N$601,$S$2:$S$601,1,$T$2:$T$601,T84,$Z$2:$Z$601,"Y"),"") -> 0 | AF84: =IF(S84=1,SUMPRODUCT(($S$2:$S$601=1)*($T$2:$T$601=T84)*($Z$2:$Z$601="Y")*($N$2:$N$601)*($AB$2:$AB$601)),"") -> 0 | AG84: =IF(AND(S84=1,Z84="Y"),IF(Settings!$B$6="Percentage",IF(AD84=0,0,AC84*AA84*(N84/AD84)),IF(Settings!$B$6="Points",IF(AF84=0,0,AC84*(N84*AB84)/AF84),IF(Settings!$B$6="Equally",IF(AE84=0,0,AC84*N84/AE84),0))),0) -> 0 | AH84: =IF(S84=1,Y84+AG84,"") -> 0 | AI84: =IF(S84=1,IF(COUNTIFS($R$2:R84,R84,$S$2:S84,1)=1,1,0),0) -> 0 | AJ84: =SUM($AI$2:AI84) -> 11
B85: Summary | D85: 46281 | N85: 1 | P85: 67.24 | R85: =IF(A85<>"",IF(A85="Total","",A85),IF(D85<>"",R84,"")) -> Restaurant | S85: =IF(AND(D85<>"",A85<>"Total"),1,0) -> 1 | T85: =IF(S85=1, DATE(YEAR(Settings!$B$3), MONTH(D85), DAY(D85)), "") -> 46281 | U85: =IF(S85=1,IFERROR(INDEX(Settings!$B$12:$B$41,MATCH($B85,Settings!$A$12:$A$41,0)),"N"),"") -> Y | V85: =IF(S85=1,IFERROR(INDEX(Settings!$C$12:$C$41,MATCH($B85,Settings!$A$12:$A$41,0)),""),"") -> % of Tips | W85: =IF(S85=1,IFERROR(INDEX(Settings!$D$12:$D$41,MATCH($B85,Settings!$A$12:$A$41,0)),0),0) -> 1 | X85: =IF(AND(S85=1,U85="Y"),IF(V85="% of Sales",O85*W85,IF(V85="% of Tips",P85*W85,0)),0) -> 67.24 | Y85: =IF(S85=1,P85-X85,"") -> 0 | Z85: =IF(S85=1,IFERROR(INDEX(Settings!$E$12:$E$41,MATCH($B85,Settings!$A$12:$A$41,0)),"N"),"") -> N | AA85: =IF(S85=1,IFERROR(INDEX(Settings!$F$12:$F$41,MATCH($B85,Settings!$A$12:$A$41,0)),0),0) -> 0 | AB85: =IF(S85=1,IFERROR(INDEX(Settings!$G$12:$G$41,MATCH($B85,Settings!$A$12:$A$41,0)),0),0) -> 1 | AC85: =IF(S85=1,SUMIFS($X$2:$X$601,$S$2:$S$601,1,$T$2:$T$601,T85),"") -> 81.58 | AD85: =IF(S85=1,SUMIFS($N$2:$N$601,$S$2:$S$601,1,$T$2:$T$601,T85,$B$2:$B$601,B85),"") -> 1 | AE85: =IF(S85=1,SUMIFS($N$2:$N$601,$S$2:$S$601,1,$T$2:$T$601,T85,$Z$2:$Z$601,"Y"),"") -> 8.65 | AF85: =IF(S85=1,SUMPRODUCT(($S$2:$S$601=1)*($T$2:$T$601=T85)*($Z$2:$Z$601="Y")*($N$2:$N$601)*($AB$2:$AB$601)),"") -> 8.65 | AG85: =IF(AND(S85=1,Z85="Y"),IF(Settings!$B$6="Percentage",IF(AD85=0,0,AC85*AA85*(N85/AD85)),IF(Settings!$B$6="Points",IF(AF85=0,0,AC85*(N85*AB85)/AF85),IF(Settings!$B$6="Equally",IF(AE85=0,0,AC85*N85/AE85),0))),0) -> 0 | AH85: =IF(S85=1,Y85+AG85,"") -> 0 | AI85: =IF(S85=1,IF(COUNTIFS($R$2:R85,R85,$S$2:S85,1)=1,1,0),0) -> 0 | AJ85: =SUM($AI$2:AI85) -> 11
B86: Summary | D86: 46282 | N86: 1 | P86: 58.54 | R86: =IF(A86<>"",IF(A86="Total","",A86),IF(D86<>"",R85,"")) -> Restaurant | S86: =IF(AND(D86<>"",A86<>"Total"),1,0) -> 1 | T86: =IF(S86=1, DATE(YEAR(Settings!$B$3), MONTH(D86), DAY(D86)), "") -> 46282 | U86: =IF(S86=1,IFERROR(INDEX(Settings!$B$12:$B$41,MATCH($B86,Settings!$A$12:$A$41,0)),"N"),"") -> Y | V86: =IF(S86=1,IFERROR(INDEX(Settings!$C$12:$C$41,MATCH($B86,Settings!$A$12:$A$41,0)),""),"") -> % of Tips | W86: =IF(S86=1,IFERROR(INDEX(Settings!$D$12:$D$41,MATCH($B86,Settings!$A$12:$A$41,0)),0),0) -> 1 | X86: =IF(AND(S86=1,U86="Y"),IF(V86="% of Sales",O86*W86,IF(V86="% of Tips",P86*W86,0)),0) -> 58.54 | Y86: =IF(S86=1,P86-X86,"") -> 0 | Z86: =IF(S86=1,IFERROR(INDEX(Settings!$E$12:$E$41,MATCH($B86,Settings!$A$12:$A$41,0)),"N"),"") -> N | AA86: =IF(S86=1,IFERROR(INDEX(Settings!$F$12:$F$41,MATCH($B86,Settings!$A$12:$A$41,0)),0),0) -> 0 | AB86: =IF(S86=1,IFERROR(INDEX(Settings!$G$12:$G$41,MATCH($B86,Settings!$A$12:$A$41,0)),0),0) -> 1 | AC86: =IF(S86=1,SUMIFS($X$2:$X$601,$S$2:$S$601,1,$T$2:$T$601,T86),"") -> 72.78 | AD86: =IF(S86=1,SUMIFS($N$2:$N$601,$S$2:$S$601,1,$T$2:$T$601,T86,$B$2:$B$601,B86),"") -> 1 | AE86: =IF(S86=1,SUMIFS($N$2:$N$601,$S$2:$S$601,1,$T$2:$T$601,T86,$Z$2:$Z$601,"Y"),"") -> 8.07 | AF86: =IF(S86=1,SUMPRODUCT(($S$2:$S$601=1)*($T$2:$T$601=T86)*($Z$2:$Z$601="Y")*($N$2:$N$601)*($AB$2:$AB$601)),"") -> 8.07 | AG86: =IF(AND(S86=1,Z86="Y"),IF(Settings!$B$6="Percentage",IF(AD86=0,0,AC86*AA86*(N86/AD86)),IF(Settings!$B$6="Points",IF(AF86=0,0,AC86*(N86*AB86)/AF86),IF(Settings!$B$6="Equally",IF(AE86=0,0,AC86*N86/AE86),0))),0) -> 0 | AH86: =IF(S86=1,Y86+AG86,"") -> 0 | AI86: =IF(S86=1,IF(COUNTIFS($R$2:R86,R86,$S$2:S86,1)=1,1,0),0) -> 0 | AJ86: =SUM($AI$2:AI86) -> 11
B87: Summary | D87: 46283 | N87: 1 | P87: 78.12 | R87: =IF(A87<>"",IF(A87="Total","",A87),IF(D87<>"",R86,"")) -> Restaurant | S87: =IF(AND(D87<>"",A87<>"Total"),1,0) -> 1 | T87: =IF(S87=1, DATE(YEAR(Settings!$B$3), MONTH(D87), DAY(D87)), "") -> 46283 | U87: =IF(S87=1,IFERROR(INDEX(Settings!$B$12:$B$41,MATCH($B87,Settings!$A$12:$A$41,0)),"N"),"") -> Y | V87: =IF(S87=1,IFERROR(INDEX(Settings!$C$12:$C$41,MATCH($B87,Settings!$A$12:$A$41,0)),""),"") -> % of Tips | W87: =IF(S87=1,IFERROR(INDEX(Settings!$D$12:$D$41,MATCH($B87,Settings!$A$12:$A$41,0)),0),0) -> 1 | X87: =IF(AND(S87=1,U87="Y"),IF(V87="% of Sales",O87*W87,IF(V87="% of Tips",P87*W87,0)),0) -> 78.12 | Y87: =IF(S87=1,P87-X87,"") -> 0 | Z87: =IF(S87=1,IFERROR(INDEX(Settings!$E$12:$E$41,MATCH($B87,Settings!$A$12:$A$41,0)),"N"),"") -> N | AA87: =IF(S87=1,IFERROR(INDEX(Settings!$F$12:$F$41,MATCH($B87,Settings!$A$12:$A$41,0)),0),0) -> 0 | AB87: =IF(S87=1,IFERROR(INDEX(Settings!$G$12:$G$41,MATCH($B87,Settings!$A$12:$A$41,0)),0),0) -> 1 | AC87: =IF(S87=1,SUMIFS($X$2:$X$601,$S$2:$S$601,1,$T$2:$T$601,T87),"") -> 84.09 | AD87: =IF(S87=1,SUMIFS($N$2:$N$601,$S$2:$S$601,1,$T$2:$T$601,T87,$B$2:$B$601,B87),"") -> 1 | AE87: =IF(S87=1,SUMIFS($N$2:$N$601,$S$2:$S$601,1,$T$2:$T$601,T87,$Z$2:$Z$601,"Y"),"") -> 12.5 | AF87: =IF(S87=1,SUMPRODUCT(($S$2:$S$601=1)*($T$2:$T$601=T87)*($Z$2:$Z$601="Y")*($N$2:$N$601)*($AB$2:$AB$601)),"") -> 12.5 | AG87: =IF(AND(S87=1,Z87="Y"),IF(Settings!$B$6="Percentage",IF(AD87=0,0,AC87*AA87*(N87/AD87)),IF(Settings!$B$6="Points",IF(AF87=0,0,AC87*(N87*AB87)/AF87),IF(Settings!$B$6="Equally",IF(AE87=0,0,AC87*N87/AE87),0))),0) -> 0 | AH87: =IF(S87=1,Y87+AG87,"") -> 0 | AI87: =IF(S87=1,IF(COUNTIFS($R$2:R87,R87,$S$2:S87,1)=1,1,0),0) -> 0 | AJ87: =SUM($AI$2:AI87) -> 11
B88: Summary | D88: 46284 | N88: 1 | P88: 183.56 | R88: =IF(A88<>"",IF(A88="Total","",A88),IF(D88<>"",R87,"")) -> Restaurant | S88: =IF(AND(D88<>"",A88<>"Total"),1,0) -> 1 | T88: =IF(S88=1, DATE(YEAR(Settings!$B$3), MONTH(D88), DAY(D88)), "") -> 46284 | U88: =IF(S88=1,IFERROR(INDEX(Settings!$B$12:$B$41,MATCH($B88,Settings!$A$12:$A$41,0)),"N"),"") -> Y | V88: =IF(S88=1,IFERROR(INDEX(Settings!$C$12:$C$41,MATCH($B88,Settings!$A$12:$A$41,0)),""),"") -> % of Tips | W88: =IF(S88=1,IFERROR(INDEX(Settings!$D$12:$D$41,MATCH($B88,Settings!$A$12:$A$41,0)),0),0) -> 1 | X88: =IF(AND(S88=1,U88="Y"),IF(V88="% of Sales",O88*W88,IF(V88="% of Tips",P88*W88,0)),0) -> 183.56 | Y88: =IF(S88=1,P88-X88,"") -> 0 | Z88: =IF(S88=1,IFERROR(INDEX(Settings!$E$12:$E$41,MATCH($B88,Settings!$A$12:$A$41,0)),"N"),"") -> N | AA88: =IF(S88=1,IFERROR(INDEX(Settings!$F$12:$F$41,MATCH($B88,Settings!$A$12:$A$41,0)),0),0) -> 0 | AB88: =IF(S88=1,IFERROR(INDEX(Settings!$G$12:$G$41,MATCH($B88,Settings!$A$12:$A$41,0)),0),0) -> 1 | AC88: =IF(S88=1,SUMIFS($X$2:$X$601,$S$2:$S$601,1,$T$2:$T$601,T88),"") -> 190.57 | AD88: =IF(S88=1,SUMIFS($N$2:$N$601,$S$2:$S$601,1,$T$2:$T$601,T88,$B$2:$B$601,B88),"") -> 1 | AE88: =IF(S88=1,SUMIFS($N$2:$N$601,$S$2:$S$601,1,$T$2:$T$601,T88,$Z$2:$Z$601,"Y"),"") -> 28 | AF88: =IF(S88=1,SUMPRODUCT(($S$2:$S$601=1)*($T$2:$T$601=T88)*($Z$2:$Z$601="Y")*($N$2:$N$601)*($AB$2:$AB$601)),"") -> 28 | AG88: =IF(AND(S88=1,Z88="Y"),IF(Settings!$B$6="Percentage",IF(AD88=0,0,AC88*AA88*(N88/AD88)),IF(Settings!$B$6="Points",IF(AF88=0,0,AC88*(N88*AB88)/AF88),IF(Settings!$B$6="Equally",IF(AE88=0,0,AC88*N88/AE88),0))),0) -> 0 | AH88: =IF(S88=1,Y88+AG88,"") -> 0 | AI88: =IF(S88=1,IF(COUNTIFS($R$2:R88,R88,$S$2:S88,1)=1,1,0),0) -> 0 | AJ88: =SUM($AI$2:AI88) -> 11
B89: Summary | D89: 46285 | N89: 1 | P89: 128.07 | R89: =IF(A89<>"",IF(A89="Total","",A89),IF(D89<>"",R88,"")) -> Restaurant | S89: =IF(AND(D89<>"",A89<>"Total"),1,0) -> 1 | T89: =IF(S89=1, DATE(YEAR(Settings!$B$3), MONTH(D89), DAY(D89)), "") -> 46285 | U89: =IF(S89=1,IFERROR(INDEX(Settings!$B$12:$B$41,MATCH($B89,Settings!$A$12:$A$41,0)),"N"),"") -> Y | V89: =IF(S89=1,IFERROR(INDEX(Settings!$C$12:$C$41,MATCH($B89,Settings!$A$12:$A$41,0)),""),"") -> % of Tips | W89: =IF(S89=1,IFERROR(INDEX(Settings!$D$12:$D$41,MATCH($B89,Settings!$A$12:$A$41,0)),0),0) -> 1 | X89: =IF(AND(S89=1,U89="Y"),IF(V89="% of Sales",O89*W89,IF(V89="% of Tips",P89*W89,0)),0) -> 128.07 | Y89: =IF(S89=1,P89-X89,"") -> 0 | Z89: =IF(S89=1,IFERROR(INDEX(Settings!$E$12:$E$41,MATCH($B89,Settings!$A$12:$A$41,0)),"N"),"") -> N | AA89: =IF(S89=1,IFERROR(INDEX(Settings!$F$12:$F$41,MATCH($B89,Settings!$A$12:$A$41,0)),0),0) -> 0 | AB89: =IF(S89=1,IFERROR(INDEX(Settings!$G$12:$G$41,MATCH($B89,Settings!$A$12:$A$41,0)),0),0) -> 1 | AC89: =IF(S89=1,SUMIFS($X$2:$X$601,$S$2:$S$601,1,$T$2:$T$601,T89),"") -> 146.5 | AD89: =IF(S89=1,SUMIFS($N$2:$N$601,$S$2:$S$601,1,$T$2:$T$601,T89,$B$2:$B$601,B89),"") -> 1 | AE89: =IF(S89=1,SUMIFS($N$2:$N$601,$S$2:$S$601,1,$T$2:$T$601,T89,$Z$2:$Z$601,"Y"),"") -> 22.34 | AF89: =IF(S89=1,SUMPRODUCT(($S$2:$S$601=1)*($T$2:$T$601=T89)*($Z$2:$Z$601="Y")*($N$2:$N$601)*($AB$2:$AB$601)),"") -> 22.34 | AG89: =IF(AND(S89=1,Z89="Y"),IF(Settings!$B$6="Percentage",IF(AD89=0,0,AC89*AA89*(N89/AD89)),IF(Settings!$B$6="Points",IF(AF89=0,0,AC89*(N89*AB89)/AF89),IF(Settings!$B$6="Equally",IF(AE89=0,0,AC89*N89/AE89),0))),0) -> 0 | AH89: =IF(S89=1,Y89+AG89,"") -> 0 | AI89: =IF(S89=1,IF(COUNTIFS($R$2:R89,R89,$S$2:S89,1)=1,1,0),0) -> 0 | AJ89: =SUM($AI$2:AI89) -> 11
A90: Total | R90: =IF(A90<>"",IF(A90="Total","",A90),IF(D90<>"",R89,"")) | S90: =IF(AND(D90<>"",A90<>"Total"),1,0) -> 0 | T90: =IF(S90=1, DATE(YEAR(Settings!$B$3), MONTH(D90), DAY(D90)), "") | U90: =IF(S90=1,IFERROR(INDEX(Settings!$B$12:$B$41,MATCH($B90,Settings!$A$12:$A$41,0)),"N"),"") | V90: =IF(S90=1,IFERROR(INDEX(Settings!$C$12:$C$41,MATCH($B90,Settings!$A$12:$A$41,0)),""),"") | W90: =IF(S90=1,IFERROR(INDEX(Settings!$D$12:$D$41,MATCH($B90,Settings!$A$12:$A$41,0)),0),0) -> 0 | X90: =IF(AND(S90=1,U90="Y"),IF(V90="% of Sales",O90*W90,IF(V90="% of Tips",P90*W90,0)),0) -> 0 | Y90: =IF(S90=1,P90-X90,"") | Z90: =IF(S90=1,IFERROR(INDEX(Settings!$E$12:$E$41,MATCH($B90,Settings!$A$12:$A$41,0)),"N"),"") | AA90: =IF(S90=1,IFERROR(INDEX(Settings!$F$12:$F$41,MATCH($B90,Settings!$A$12:$A$41,0)),0),0) -> 0 | AB90: =IF(S90=1,IFERROR(INDEX(Settings!$G$12:$G$41,MATCH($B90,Settings!$A$12:$A$41,0)),0),0) -> 0 | AC90: =IF(S90=1,SUMIFS($X$2:$X$601,$S$2:$S$601,1,$T$2:$T$601,T90),"") | AD90: =IF(S90=1,SUMIFS($N$2:$N$601,$S$2:$S$601,1,$T$2:$T$601,T90,$B$2:$B$601,B90),"") | AE90: =IF(S90=1,SUMIFS($N$2:$N$601,$S$2:$S$601,1,$T$2:$T$601,T90,$Z$2:$Z$601,"Y"),"") | AF90: =IF(S90=1,SUMPRODUCT(($S$2:$S$601=1)*($T$2:$T$601=T90)*($Z$2:$Z$601="Y")*($N$2:$N$601)*($AB$2:$AB$601)),"") | AG90: =IF(AND(S90=1,Z90="Y"),IF(Settings!$B$6="Percentage",IF(AD90=0,0,AC90*AA90*(N90/AD90)),IF(Settings!$B$6="Points",IF(AF90=0,0,AC90*(N90*AB90)/AF90),IF(Settings!$B$6="Equally",IF(AE90=0,0,AC90*N90/AE90),0))),0) -> 0 | AH90: =IF(S90=1,Y90+AG90,"") | AI90: =IF(S90=1,IF(COUNTIFS($R$2:R90,R90,$S$2:S90,1)=1,1,0),0) -> 0 | AJ90: =SUM($AI$2:AI90) -> 11
R91: =IF(A91<>"",IF(A91="Total","",A91),IF(D91<>"",R90,"")) | S91: =IF(AND(D91<>"",A91<>"Total"),1,0) -> 0 | T91: =IF(S91=1, DATE(YEAR(Settings!$B$3), MONTH(D91), DAY(D91)), "") | U91: =IF(S91=1,IFERROR(INDEX(Settings!$B$12:$B$41,MATCH($B91,Settings!$A$12:$A$41,0)),"N"),"") | V91: =IF(S91=1,IFERROR(INDEX(Settings!$C$12:$C$41,MATCH($B91,Settings!$A$12:$A$41,0)),""),"") | W91: =IF(S91=1,IFERROR(INDEX(Settings!$D$12:$D$41,MATCH($B91,Settings!$A$12:$A$41,0)),0),0) -> 0 | X91: =IF(AND(S91=1,U91="Y"),IF(V91="% of Sales",O91*W91,IF(V91="% of Tips",P91*W91,0)),0) -> 0 | Y91: =IF(S91=1,P91-X91,"") | Z91: =IF(S91=1,IFERROR(INDEX(Settings!$E$12:$E$41,MATCH($B91,Settings!$A$12:$A$41,0)),"N"),"") | AA91: =IF(S91=1,IFERROR(INDEX(Settings!$F$12:$F$41,MATCH($B91,Settings!$A$12:$A$41,0)),0),0) -> 0 | AB91: =IF(S91=1,IFERROR(INDEX(Settings!$G$12:$G$41,MATCH($B91,Settings!$A$12:$A$41,0)),0),0) -> 0 | AC91: =IF(S91=1,SUMIFS($X$2:$X$601,$S$2:$S$601,1,$T$2:$T$601,T91),"") | AD91: =IF(S91=1,SUMIFS($N$2:$N$601,$S$2:$S$601,1,$T$2:$T$601,T91,$B$2:$B$601,B91),"") | AE91: =IF(S91=1,SUMIFS($N$2:$N$601,$S$2:$S$601,1,$T$2:$T$601,T91,$Z$2:$Z$601,"Y"),"") | AF91: =IF(S91=1,SUMPRODUCT(($S$2:$S$601=1)*($T$2:$T$601=T91)*($Z$2:$Z$601="Y")*($N$2:$N$601)*($AB$2:$AB$601)),"") | AG91: =IF(AND(S91=1,Z91="Y"),IF(Settings!$B$6="Percentage",IF(AD91=0,0,AC91*AA91*(N91/AD91)),IF(Settings!$B$6="Points",IF(AF91=0,0,AC91*(N91*AB91)/AF91),IF(Settings!$B$6="Equally",IF(AE91=0,0,AC91*N91/AE91),0))),0) -> 0 | AH91: =IF(S91=1,Y91+AG91,"") | AI91: =IF(S91=1,IF(COUNTIFS($R$2:R91,R91,$S$2:S91,1)=1,1,0),0) -> 0 | AJ91: =SUM($AI$2:AI91) -> 11
A92: R-Kiosk | B92: Kiosk | D92: 46272 | N92: 1 | P92: 89.84 | R92: =IF(A92<>"",IF(A92="Total","",A92),IF(D92<>"",R91,"")) -> R-Kiosk | S92: =IF(AND(D92<>"",A92<>"Total"),1,0) -> 1 | T92: =IF(S92=1, DATE(YEAR(Settings!$B$3), MONTH(D92), DAY(D92)), "") -> 46272 | U92: =IF(S92=1,IFERROR(INDEX(Settings!$B$12:$B$41,MATCH($B92,Settings!$A$12:$A$41,0)),"N"),"") -> Y | V92: =IF(S92=1,IFERROR(INDEX(Settings!$C$12:$C$41,MATCH($B92,Settings!$A$12:$A$41,0)),""),"") -> % of Tips | W92: =IF(S92=1,IFERROR(INDEX(Settings!$D$12:$D$41,MATCH($B92,Settings!$A$12:$A$41,0)),0),0) -> 1 | X92: =IF(AND(S92=1,U92="Y"),IF(V92="% of Sales",O92*W92,IF(V92="% of Tips",P92*W92,0)),0) -> 89.84 | Y92: =IF(S92=1,P92-X92,"") -> 0 | Z92: =IF(S92=1,IFERROR(INDEX(Settings!$E$12:$E$41,MATCH($B92,Settings!$A$12:$A$41,0)),"N"),"") -> N | AA92: =IF(S92=1,IFERROR(INDEX(Settings!$F$12:$F$41,MATCH($B92,Settings!$A$12:$A$41,0)),0),0) -> 0 | AB92: =IF(S92=1,IFERROR(INDEX(Settings!$G$12:$G$41,MATCH($B92,Settings!$A$12:$A$41,0)),0),0) -> 1 | AC92: =IF(S92=1,SUMIFS($X$2:$X$601,$S$2:$S$601,1,$T$2:$T$601,T92),"") -> 303.99 | AD92: =IF(S92=1,SUMIFS($N$2:$N$601,$S$2:$S$601,1,$T$2:$T$601,T92,$B$2:$B$601,B92),"") -> 1 | AE92: =IF(S92=1,SUMIFS($N$2:$N$601,$S$2:$S$601,1,$T$2:$T$601,T92,$Z$2:$Z$601,"Y"),"") -> 25.3 | AF92: =IF(S92=1,SUMPRODUCT(($S$2:$S$601=1)*($T$2:$T$601=T92)*($Z$2:$Z$601="Y")*($N$2:$N$601)*($AB$2:$AB$601)),"") -> 25.3 | AG92: =IF(AND(S92=1,Z92="Y"),IF(Settings!$B$6="Percentage",IF(AD92=0,0,AC92*AA92*(N92/AD92)),IF(Settings!$B$6="Points",IF(AF92=0,0,AC92*(N92*AB92)/AF92),IF(Settings!$B$6="Equally",IF(AE92=0,0,AC92*N92/AE92),0))),0) -> 0 | AH92: =IF(S92=1,Y92+AG92,"") -> 0 | AI92: =IF(S92=1,IF(COUNTIFS($R$2:R92,R92,$S$2:S92,1)=1,1,0),0) -> 1 | AJ92: =SUM($AI$2:AI92) -> 12
B93: Kiosk | D93: 46273 | N93: 1 | R93: =IF(A93<>"",IF(A93="Total","",A93),IF(D93<>"",R92,"")) -> R-Kiosk | S93: =IF(AND(D93<>"",A93<>"Total"),1,0) -> 1 | T93: =IF(S93=1, DATE(YEAR(Settings!$B$3), MONTH(D93), DAY(D93)), "") -> 46273 | U93: =IF(S93=1,IFERROR(INDEX(Settings!$B$12:$B$41,MATCH($B93,Settings!$A$12:$A$41,0)),"N"),"") -> Y | V93: =IF(S93=1,IFERROR(INDEX(Settings!$C$12:$C$41,MATCH($B93,Settings!$A$12:$A$41,0)),""),"") -> % of Tips | W93: =IF(S93=1,IFERROR(INDEX(Settings!$D$12:$D$41,MATCH($B93,Settings!$A$12:$A$41,0)),0),0) -> 1 | X93: =IF(AND(S93=1,U93="Y"),IF(V93="% of Sales",O93*W93,IF(V93="% of Tips",P93*W93,0)),0) -> 0 | Y93: =IF(S93=1,P93-X93,"") -> 0 | Z93: =IF(S93=1,IFERROR(INDEX(Settings!$E$12:$E$41,MATCH($B93,Settings!$A$12:$A$41,0)),"N"),"") -> N | AA93: =IF(S93=1,IFERROR(INDEX(Settings!$F$12:$F$41,MATCH($B93,Settings!$A$12:$A$41,0)),0),0) -> 0 | AB93: =IF(S93=1,IFERROR(INDEX(Settings!$G$12:$G$41,MATCH($B93,Settings!$A$12:$A$41,0)),0),0) -> 1 | AC93: =IF(S93=1,SUMIFS($X$2:$X$601,$S$2:$S$601,1,$T$2:$T$601,T93),"") -> 0 | AD93: =IF(S93=1,SUMIFS($N$2:$N$601,$S$2:$S$601,1,$T$2:$T$601,T93,$B$2:$B$601,B93),"") -> 1 | AE93: =IF(S93=1,SUMIFS($N$2:$N$601,$S$2:$S$601,1,$T$2:$T$601,T93,$Z$2:$Z$601,"Y"),"") -> 0 | AF93: =IF(S93=1,SUMPRODUCT(($S$2:$S$601=1)*($T$2:$T$601=T93)*($Z$2:$Z$601="Y")*($N$2:$N$601)*($AB$2:$AB$601)),"") -> 0 | AG93: =IF(AND(S93=1,Z93="Y"),IF(Settings!$B$6="Percentage",IF(AD93=0,0,AC93*AA93*(N93/AD93)),IF(Settings!$B$6="Points",IF(AF93=0,0,AC93*(N93*AB93)/AF93),IF(Settings!$B$6="Equally",IF(AE93=0,0,AC93*N93/AE93),0))),0) -> 0 | AH93: =IF(S93=1,Y93+AG93,"") -> 0 | AI93: =IF(S93=1,IF(COUNTIFS($R$2:R93,R93,$S$2:S93,1)=1,1,0),0) -> 0 | AJ93: =SUM($AI$2:AI93) -> 12
B94: Kiosk | D94: 46274 | N94: 1 | P94: 31.37 | R94: =IF(A94<>"",IF(A94="Total","",A94),IF(D94<>"",R93,"")) -> R-Kiosk | S94: =IF(AND(D94<>"",A94<>"Total"),1,0) -> 1 | T94: =IF(S94=1, DATE(YEAR(Settings!$B$3), MONTH(D94), DAY(D94)), "") -> 46274 | U94: =IF(S94=1,IFERROR(INDEX(Settings!$B$12:$B$41,MATCH($B94,Settings!$A$12:$A$41,0)),"N"),"") -> Y | V94: =IF(S94=1,IFERROR(INDEX(Settings!$C$12:$C$41,MATCH($B94,Settings!$A$12:$A$41,0)),""),"") -> % of Tips | W94: =IF(S94=1,IFERROR(INDEX(Settings!$D$12:$D$41,MATCH($B94,Settings!$A$12:$A$41,0)),0),0) -> 1 | X94: =IF(AND(S94=1,U94="Y"),IF(V94="% of Sales",O94*W94,IF(V94="% of Tips",P94*W94,0)),0) -> 31.37 | Y94: =IF(S94=1,P94-X94,"") -> 0 | Z94: =IF(S94=1,IFERROR(INDEX(Settings!$E$12:$E$41,MATCH($B94,Settings!$A$12:$A$41,0)),"N"),"") -> N | AA94: =IF(S94=1,IFERROR(INDEX(Settings!$F$12:$F$41,MATCH($B94,Settings!$A$12:$A$41,0)),0),0) -> 0 | AB94: =IF(S94=1,IFERROR(INDEX(Settings!$G$12:$G$41,MATCH($B94,Settings!$A$12:$A$41,0)),0),0) -> 1 | AC94: =IF(S94=1,SUMIFS($X$2:$X$601,$S$2:$S$601,1,$T$2:$T$601,T94),"") -> 104.42 | AD94: =IF(S94=1,SUMIFS($N$2:$N$601,$S$2:$S$601,1,$T$2:$T$601,T94,$B$2:$B$601,B94),"") -> 1 | AE94: =IF(S94=1,SUMIFS($N$2:$N$601,$S$2:$S$601,1,$T$2:$T$601,T94,$Z$2:$Z$601,"Y"),"") -> 10.98 | AF94: =IF(S94=1,SUMPRODUCT(($S$2:$S$601=1)*($T$2:$T$601=T94)*($Z$2:$Z$601="Y")*($N$2:$N$601)*($AB$2:$AB$601)),"") -> 10.98 | AG94: =IF(AND(S94=1,Z94="Y"),IF(Settings!$B$6="Percentage",IF(AD94=0,0,AC94*AA94*(N94/AD94)),IF(Settings!$B$6="Points",IF(AF94=0,0,AC94*(N94*AB94)/AF94),IF(Settings!$B$6="Equally",IF(AE94=0,0,AC94*N94/AE94),0))),0) -> 0 | AH94: =IF(S94=1,Y94+AG94,"") -> 0 | AI94: =IF(S94=1,IF(COUNTIFS($R$2:R94,R94,$S$2:S94,1)=1,1,0),0) -> 0 | AJ94: =SUM($AI$2:AI94) -> 12
B95: Kiosk | D95: 46275 | N95: 1 | P95: 3.05 | R95: =IF(A95<>"",IF(A95="Total","",A95),IF(D95<>"",R94,"")) -> R-Kiosk | S95: =IF(AND(D95<>"",A95<>"Total"),1,0) -> 1 | T95: =IF(S95=1, DATE(YEAR(Settings!$B$3), MONTH(D95), DAY(D95)), "") -> 46275 | U95: =IF(S95=1,IFERROR(INDEX(Settings!$B$12:$B$41,MATCH($B95,Settings!$A$12:$A$41,0)),"N"),"") -> Y | V95: =IF(S95=1,IFERROR(INDEX(Settings!$C$12:$C$41,MATCH($B95,Settings!$A$12:$A$41,0)),""),"") -> % of Tips | W95: =IF(S95=1,IFERROR(INDEX(Settings!$D$12:$D$41,MATCH($B95,Settings!$A$12:$A$41,0)),0),0) -> 1 | X95: =IF(AND(S95=1,U95="Y"),IF(V95="% of Sales",O95*W95,IF(V95="% of Tips",P95*W95,0)),0) -> 3.05 | Y95: =IF(S95=1,P95-X95,"") -> 0 | Z95: =IF(S95=1,IFERROR(INDEX(Settings!$E$12:$E$41,MATCH($B95,Settings!$A$12:$A$41,0)),"N"),"") -> N | AA95: =IF(S95=1,IFERROR(INDEX(Settings!$F$12:$F$41,MATCH($B95,Settings!$A$12:$A$41,0)),0),0) -> 0 | AB95: =IF(S95=1,IFERROR(INDEX(Settings!$G$12:$G$41,MATCH($B95,Settings!$A$12:$A$41,0)),0),0) -> 1 | AC95: =IF(S95=1,SUMIFS($X$2:$X$601,$S$2:$S$601,1,$T$2:$T$601,T95),"") -> 54.83 | AD95: =IF(S95=1,SUMIFS($N$2:$N$601,$S$2:$S$601,1,$T$2:$T$601,T95,$B$2:$B$601,B95),"") -> 1 | AE95: =IF(S95=1,SUMIFS($N$2:$N$601,$S$2:$S$601,1,$T$2:$T$601,T95,$Z$2:$Z$601,"Y"),"") -> 6.79 | AF95: =IF(S95=1,SUMPRODUCT(($S$2:$S$601=1)*($T$2:$T$601=T95)*($Z$2:$Z$601="Y")*($N$2:$N$601)*($AB$2:$AB$601)),"") -> 6.79 | AG95: =IF(AND(S95=1,Z95="Y"),IF(Settings!$B$6="Percentage",IF(AD95=0,0,AC95*AA95*(N95/AD95)),IF(Settings!$B$6="Points",IF(AF95=0,0,AC95*(N95*AB95)/AF95),IF(Settings!$B$6="Equally",IF(AE95=0,0,AC95*N95/AE95),0))),0) -> 0 | AH95: =IF(S95=1,Y95+AG95,"") -> 0 | AI95: =IF(S95=1,IF(COUNTIFS($R$2:R95,R95,$S$2:S95,1)=1,1,0),0) -> 0 | AJ95: =SUM($AI$2:AI95) -> 12
B96: Kiosk | D96: 46276 | N96: 1 | P96: 1.7 | R96: =IF(A96<>"",IF(A96="Total","",A96),IF(D96<>"",R95,"")) -> R-Kiosk | S96: =IF(AND(D96<>"",A96<>"Total"),1,0) -> 1 | T96: =IF(S96=1, DATE(YEAR(Settings!$B$3), MONTH(D96), DAY(D96)), "") -> 46276 | U96: =IF(S96=1,IFERROR(INDEX(Settings!$B$12:$B$41,MATCH($B96,Settings!$A$12:$A$41,0)),"N"),"") -> Y | V96: =IF(S96=1,IFERROR(INDEX(Settings!$C$12:$C$41,MATCH($B96,Settings!$A$12:$A$41,0)),""),"") -> % of Tips | W96: =IF(S96=1,IFERROR(INDEX(Settings!$D$12:$D$41,MATCH($B96,Settings!$A$12:$A$41,0)),0),0) -> 1 | X96: =IF(AND(S96=1,U96="Y"),IF(V96="% of Sales",O96*W96,IF(V96="% of Tips",P96*W96,0)),0) -> 1.7 | Y96: =IF(S96=1,P96-X96,"") -> 0 | Z96: =IF(S96=1,IFERROR(INDEX(Settings!$E$12:$E$41,MATCH($B96,Settings!$A$12:$A$41,0)),"N"),"") -> N | AA96: =IF(S96=1,IFERROR(INDEX(Settings!$F$12:$F$41,MATCH($B96,Settings!$A$12:$A$41,0)),0),0) -> 0 | AB96: =IF(S96=1,IFERROR(INDEX(Settings!$G$12:$G$41,MATCH($B96,Settings!$A$12:$A$41,0)),0),0) -> 1 | AC96: =IF(S96=1,SUMIFS($X$2:$X$601,$S$2:$S$601,1,$T$2:$T$601,T96),"") -> 87.71 | AD96: =IF(S96=1,SUMIFS($N$2:$N$601,$S$2:$S$601,1,$T$2:$T$601,T96,$B$2:$B$601,B96),"") -> 1 | AE96: =IF(S96=1,SUMIFS($N$2:$N$601,$S$2:$S$601,1,$T$2:$T$601,T96,$Z$2:$Z$601,"Y"),"") -> 15.74 | AF96: =IF(S96=1,SUMPRODUCT(($S$2:$S$601=1)*($T$2:$T$601=T96)*($Z$2:$Z$601="Y")*($N$2:$N$601)*($AB$2:$AB$601)),"") -> 15.74 | AG96: =IF(AND(S96=1,Z96="Y"),IF(Settings!$B$6="Percentage",IF(AD96=0,0,AC96*AA96*(N96/AD96)),IF(Settings!$B$6="Points",IF(AF96=0,0,AC96*(N96*AB96)/AF96),IF(Settings!$B$6="Equally",IF(AE96=0,0,AC96*N96/AE96),0))),0) -> 0 | AH96: =IF(S96=1,Y96+AG96,"") -> 0 | AI96: =IF(S96=1,IF(COUNTIFS($R$2:R96,R96,$S$2:S96,1)=1,1,0),0) -> 0 | AJ96: =SUM($AI$2:AI96) -> 12
B97: Kiosk | D97: 46277 | N97: 1 | P97: 19.37 | R97: =IF(A97<>"",IF(A97="Total","",A97),IF(D97<>"",R96,"")) -> R-Kiosk | S97: =IF(AND(D97<>"",A97<>"Total"),1,0) -> 1 | T97: =IF(S97=1, DATE(YEAR(Settings!$B$3), MONTH(D97), DAY(D97)), "") -> 46277 | U97: =IF(S97=1,IFERROR(INDEX(Settings!$B$12:$B$41,MATCH($B97,Settings!$A$12:$A$41,0)),"N"),"") -> Y | V97: =IF(S97=1,IFERROR(INDEX(Settings!$C$12:$C$41,MATCH($B97,Settings!$A$12:$A$41,0)),""),"") -> % of Tips | W97: =IF(S97=1,IFERROR(INDEX(Settings!$D$12:$D$41,MATCH($B97,Settings!$A$12:$A$41,0)),0),0) -> 1 | X97: =IF(AND(S97=1,U97="Y"),IF(V97="% of Sales",O97*W97,IF(V97="% of Tips",P97*W97,0)),0) -> 19.37 | Y97: =IF(S97=1,P97-X97,"") -> 0 | Z97: =IF(S97=1,IFERROR(INDEX(Settings!$E$12:$E$41,MATCH($B97,Settings!$A$12:$A$41,0)),"N"),"") -> N | AA97: =IF(S97=1,IFERROR(INDEX(Settings!$F$12:$F$41,MATCH($B97,Settings!$A$12:$A$41,0)),0),0) -> 0 | AB97: =IF(S97=1,IFERROR(INDEX(Settings!$G$12:$G$41,MATCH($B97,Settings!$A$12:$A$41,0)),0),0) -> 1 | AC97: =IF(S97=1,SUMIFS($X$2:$X$601,$S$2:$S$601,1,$T$2:$T$601,T97),"") -> 220.79 | AD97: =IF(S97=1,SUMIFS($N$2:$N$601,$S$2:$S$601,1,$T$2:$T$601,T97,$B$2:$B$601,B97),"") -> 1 | AE97: =IF(S97=1,SUMIFS($N$2:$N$601,$S$2:$S$601,1,$T$2:$T$601,T97,$Z$2:$Z$601,"Y"),"") -> 24.11 | AF97: =IF(S97=1,SUMPRODUCT(($S$2:$S$601=1)*($T$2:$T$601=T97)*($Z$2:$Z$601="Y")*($N$2:$N$601)*($AB$2:$AB$601)),"") -> 24.11 | AG97: =IF(AND(S97=1,Z97="Y"),IF(Settings!$B$6="Percentage",IF(AD97=0,0,AC97*AA97*(N97/AD97)),IF(Settings!$B$6="Points",IF(AF97=0,0,AC97*(N97*AB97)/AF97),IF(Settings!$B$6="Equally",IF(AE97=0,0,AC97*N97/AE97),0))),0) -> 0 | AH97: =IF(S97=1,Y97+AG97,"") -> 0 | AI97: =IF(S97=1,IF(COUNTIFS($R$2:R97,R97,$S$2:S97,1)=1,1,0),0) -> 0 | AJ97: =SUM($AI$2:AI97) -> 12
B98: Kiosk | D98: 46278 | N98: 1 | P98: 31.38 | R98: =IF(A98<>"",IF(A98="Total","",A98),IF(D98<>"",R97,"")) -> R-Kiosk | S98: =IF(AND(D98<>"",A98<>"Total"),1,0) -> 1 | T98: =IF(S98=1, DATE(YEAR(Settings!$B$3), MONTH(D98), DAY(D98)), "") -> 46278 | U98: =IF(S98=1,IFERROR(INDEX(Settings!$B$12:$B$41,MATCH($B98,Settings!$A$12:$A$41,0)),"N"),"") -> Y | V98: =IF(S98=1,IFERROR(INDEX(Settings!$C$12:$C$41,MATCH($B98,Settings!$A$12:$A$41,0)),""),"") -> % of Tips | W98: =IF(S98=1,IFERROR(INDEX(Settings!$D$12:$D$41,MATCH($B98,Settings!$A$12:$A$41,0)),0),0) -> 1 | X98: =IF(AND(S98=1,U98="Y"),IF(V98="% of Sales",O98*W98,IF(V98="% of Tips",P98*W98,0)),0) -> 31.38 | Y98: =IF(S98=1,P98-X98,"") -> 0 | Z98: =IF(S98=1,IFERROR(INDEX(Settings!$E$12:$E$41,MATCH($B98,Settings!$A$12:$A$41,0)),"N"),"") -> N | AA98: =IF(S98=1,IFERROR(INDEX(Settings!$F$12:$F$41,MATCH($B98,Settings!$A$12:$A$41,0)),0),0) -> 0 | AB98: =IF(S98=1,IFERROR(INDEX(Settings!$G$12:$G$41,MATCH($B98,Settings!$A$12:$A$41,0)),0),0) -> 1 | AC98: =IF(S98=1,SUMIFS($X$2:$X$601,$S$2:$S$601,1,$T$2:$T$601,T98),"") -> 242.76 | AD98: =IF(S98=1,SUMIFS($N$2:$N$601,$S$2:$S$601,1,$T$2:$T$601,T98,$B$2:$B$601,B98),"") -> 1 | AE98: =IF(S98=1,SUMIFS($N$2:$N$601,$S$2:$S$601,1,$T$2:$T$601,T98,$Z$2:$Z$601,"Y"),"") -> 20.37 | AF98: =IF(S98=1,SUMPRODUCT(($S$2:$S$601=1)*($T$2:$T$601=T98)*($Z$2:$Z$601="Y")*($N$2:$N$601)*($AB$2:$AB$601)),"") -> 20.37 | AG98: =IF(AND(S98=1,Z98="Y"),IF(Settings!$B$6="Percentage",IF(AD98=0,0,AC98*AA98*(N98/AD98)),IF(Settings!$B$6="Points",IF(AF98=0,0,AC98*(N98*AB98)/AF98),IF(Settings!$B$6="Equally",IF(AE98=0,0,AC98*N98/AE98),0))),0) -> 0 | AH98: =IF(S98=1,Y98+AG98,"") -> 0 | AI98: =IF(S98=1,IF(COUNTIFS($R$2:R98,R98,$S$2:S98,1)=1,1,0),0) -> 0 | AJ98: =SUM($AI$2:AI98) -> 12
B99: Kiosk | D99: 46279 | N99: 1 | P99: 7.48 | R99: =IF(A99<>"",IF(A99="Total","",A99),IF(D99<>"",R98,"")) -> R-Kiosk | S99: =IF(AND(D99<>"",A99<>"Total"),1,0) -> 1 | T99: =IF(S99=1, DATE(YEAR(Settings!$B$3), MONTH(D99), DAY(D99)), "") -> 46279 | U99: =IF(S99=1,IFERROR(INDEX(Settings!$B$12:$B$41,MATCH($B99,Settings!$A$12:$A$41,0)),"N"),"") -> Y | V99: =IF(S99=1,IFERROR(INDEX(Settings!$C$12:$C$41,MATCH($B99,Settings!$A$12:$A$41,0)),""),"") -> % of Tips | W99: =IF(S99=1,IFERROR(INDEX(Settings!$D$12:$D$41,MATCH($B99,Settings!$A$12:$A$41,0)),0),0) -> 1 | X99: =IF(AND(S99=1,U99="Y"),IF(V99="% of Sales",O99*W99,IF(V99="% of Tips",P99*W99,0)),0) -> 7.48 | Y99: =IF(S99=1,P99-X99,"") -> 0 | Z99: =IF(S99=1,IFERROR(INDEX(Settings!$E$12:$E$41,MATCH($B99,Settings!$A$12:$A$41,0)),"N"),"") -> N | AA99: =IF(S99=1,IFERROR(INDEX(Settings!$F$12:$F$41,MATCH($B99,Settings!$A$12:$A$41,0)),0),0) -> 0 | AB99: =IF(S99=1,IFERROR(INDEX(Settings!$G$12:$G$41,MATCH($B99,Settings!$A$12:$A$41,0)),0),0) -> 1 | AC99: =IF(S99=1,SUMIFS($X$2:$X$601,$S$2:$S$601,1,$T$2:$T$601,T99),"") -> 80.03 | AD99: =IF(S99=1,SUMIFS($N$2:$N$601,$S$2:$S$601,1,$T$2:$T$601,T99,$B$2:$B$601,B99),"") -> 1 | AE99: =IF(S99=1,SUMIFS($N$2:$N$601,$S$2:$S$601,1,$T$2:$T$601,T99,$Z$2:$Z$601,"Y"),"") -> 7.23 | AF99: =IF(S99=1,SUMPRODUCT(($S$2:$S$601=1)*($T$2:$T$601=T99)*($Z$2:$Z$601="Y")*($N$2:$N$601)*($AB$2:$AB$601)),"") -> 7.23 | AG99: =IF(AND(S99=1,Z99="Y"),IF(Settings!$B$6="Percentage",IF(AD99=0,0,AC99*AA99*(N99/AD99)),IF(Settings!$B$6="Points",IF(AF99=0,0,AC99*(N99*AB99)/AF99),IF(Settings!$B$6="Equally",IF(AE99=0,0,AC99*N99/AE99),0))),0) -> 0 | AH99: =IF(S99=1,Y99+AG99,"") -> 0 | AI99: =IF(S99=1,IF(COUNTIFS($R$2:R99,R99,$S$2:S99,1)=1,1,0),0) -> 0 | AJ99: =SUM($AI$2:AI99) -> 12
B100: Kiosk | D100: 46280 | N100: 1 | R100: =IF(A100<>"",IF(A100="Total","",A100),IF(D100<>"",R99,"")) -> R-Kiosk | S100: =IF(AND(D100<>"",A100<>"Total"),1,0) -> 1 | T100: =IF(S100=1, DATE(YEAR(Settings!$B$3), MONTH(D100), DAY(D100)), "") -> 46280 | U100: =IF(S100=1,IFERROR(INDEX(Settings!$B$12:$B$41,MATCH($B100,Settings!$A$12:$A$41,0)),"N"),"") -> Y | V100: =IF(S100=1,IFERROR(INDEX(Settings!$C$12:$C$41,MATCH($B100,Settings!$A$12:$A$41,0)),""),"") -> % of Tips | W100: =IF(S100=1,IFERROR(INDEX(Settings!$D$12:$D$41,MATCH($B100,Settings!$A$12:$A$41,0)),0),0) -> 1 | X100: =IF(AND(S100=1,U100="Y"),IF(V100="% of Sales",O100*W100,IF(V100="% of Tips",P100*W100,0)),0) -> 0 | Y100: =IF(S100=1,P100-X100,"") -> 0 | Z100: =IF(S100=1,IFERROR(INDEX(Settings!$E$12:$E$41,MATCH($B100,Settings!$A$12:$A$41,0)),"N"),"") -> N | AA100: =IF(S100=1,IFERROR(INDEX(Settings!$F$12:$F$41,MATCH($B100,Settings!$A$12:$A$41,0)),0),0) -> 0 | AB100: =IF(S100=1,IFERROR(INDEX(Settings!$G$12:$G$41,MATCH($B100,Settings!$A$12:$A$41,0)),0),0) -> 1 | AC100: =IF(S100=1,SUMIFS($X$2:$X$601,$S$2:$S$601,1,$T$2:$T$601,T100),"") -> 0 | AD100: =IF(S100=1,SUMIFS($N$2:$N$601,$S$2:$S$601,1,$T$2:$T$601,T100,$B$2:$B$601,B100),"") -> 1 | AE100: =IF(S100=1,SUMIFS($N$2:$N$601,$S$2:$S$601,1,$T$2:$T$601,T100,$Z$2:$Z$601,"Y"),"") -> 0 | AF100: =IF(S100=1,SUMPRODUCT(($S$2:$S$601=1)*($T$2:$T$601=T100)*($Z$2:$Z$601="Y")*($N$2:$N$601)*($AB$2:$AB$601)),"") -> 0 | AG100: =IF(AND(S100=1,Z100="Y"),IF(Settings!$B$6="Percentage",IF(AD100=0,0,AC100*AA100*(N100/AD100)),IF(Settings!$B$6="Points",IF(AF100=0,0,AC100*(N100*AB100)/AF100),IF(Settings!$B$6="Equally",IF(AE100=0,0,AC100*N100/AE100),0))),0) -> 0 | AH100: =IF(S100=1,Y100+AG100,"") -> 0 | AI100: =IF(S100=1,IF(COUNTIFS($R$2:R100,R100,$S$2:S100,1)=1,1,0),0) -> 0 | AJ100: =SUM($AI$2:AI100) -> 12
B101: Kiosk | D101: 46281 | N101: 1 | P101: 14.34 | R101: =IF(A101<>"",IF(A101="Total","",A101),IF(D101<>"",R100,"")) -> R-Kiosk | S101: =IF(AND(D101<>"",A101<>"Total"),1,0) -> 1 | T101: =IF(S101=1, DATE(YEAR(Settings!$B$3), MONTH(D101), DAY(D101)), "") -> 46281 | U101: =IF(S101=1,IFERROR(INDEX(Settings!$B$12:$B$41,MATCH($B101,Settings!$A$12:$A$41,0)),"N"),"") -> Y | V101: =IF(S101=1,IFERROR(INDEX(Settings!$C$12:$C$41,MATCH($B101,Settings!$A$12:$A$41,0)),""),"") -> % of Tips | W101: =IF(S101=1,IFERROR(INDEX(Settings!$D$12:$D$41,MATCH($B101,Settings!$A$12:$A$41,0)),0),0) -> 1 | X101: =IF(AND(S101=1,U101="Y"),IF(V101="% of Sales",O101*W101,IF(V101="% of Tips",P101*W101,0)),0) -> 14.34 | Y101: =IF(S101=1,P101-X101,"") -> 0 | Z101: =IF(S101=1,IFERROR(INDEX(Settings!$E$12:$E$41,MATCH($B101,Settings!$A$12:$A$41,0)),"N"),"") -> N | AA101: =IF(S101=1,IFERROR(INDEX(Settings!$F$12:$F$41,MATCH($B101,Settings!$A$12:$A$41,0)),0),0) -> 0 | AB101: =IF(S101=1,IFERROR(INDEX(Settings!$G$12:$G$41,MATCH($B101,Settings!$A$12:$A$41,0)),0),0) -> 1 | AC101: =IF(S101=1,SUMIFS($X$2:$X$601,$S$2:$S$601,1,$T$2:$T$601,T101),"") -> 81.58 | AD101: =IF(S101=1,SUMIFS($N$2:$N$601,$S$2:$S$601,1,$T$2:$T$601,T101,$B$2:$B$601,B101),"") -> 1 | AE101: =IF(S101=1,SUMIFS($N$2:$N$601,$S$2:$S$601,1,$T$2:$T$601,T101,$Z$2:$Z$601,"Y"),"") -> 8.65 | AF101: =IF(S101=1,SUMPRODUCT(($S$2:$S$601=1)*($T$2:$T$601=T101)*($Z$2:$Z$601="Y")*($N$2:$N$601)*($AB$2:$AB$601)),"") -> 8.65 | AG101: =IF(AND(S101=1,Z101="Y"),IF(Settings!$B$6="Percentage",IF(AD101=0,0,AC101*AA101*(N101/AD101)),IF(Settings!$B$6="Points",IF(AF101=0,0,AC101*(N101*AB101)/AF101),IF(Settings!$B$6="Equally",IF(AE101=0,0,AC101*N101/AE101),0))),0) -> 0 | AH101: =IF(S101=1,Y101+AG101,"") -> 0 | AI101: =IF(S101=1,IF(COUNTIFS($R$2:R101,R101,$S$2:S101,1)=1,1,0),0) -> 0 | AJ101: =SUM($AI$2:AI101) -> 12
B102: Kiosk | D102: 46282 | N102: 1 | P102: 14.24 | R102: =IF(A102<>"",IF(A102="Total","",A102),IF(D102<>"",R101,"")) -> R-Kiosk | S102: =IF(AND(D102<>"",A102<>"Total"),1,0) -> 1 | T102: =IF(S102=1, DATE(YEAR(Settings!$B$3), MONTH(D102), DAY(D102)), "") -> 46282 | U102: =IF(S102=1,IFERROR(INDEX(Settings!$B$12:$B$41,MATCH($B102,Settings!$A$12:$A$41,0)),"N"),"") -> Y | V102: =IF(S102=1,IFERROR(INDEX(Settings!$C$12:$C$41,MATCH($B102,Settings!$A$12:$A$41,0)),""),"") -> % of Tips | W102: =IF(S102=1,IFERROR(INDEX(Settings!$D$12:$D$41,MATCH($B102,Settings!$A$12:$A$41,0)),0),0) -> 1 | X102: =IF(AND(S102=1,U102="Y"),IF(V102="% of Sales",O102*W102,IF(V102="% of Tips",P102*W102,0)),0) -> 14.24 | Y102: =IF(S102=1,P102-X102,"") -> 0 | Z102: =IF(S102=1,IFERROR(INDEX(Settings!$E$12:$E$41,MATCH($B102,Settings!$A$12:$A$41,0)),"N"),"") -> N | AA102: =IF(S102=1,IFERROR(INDEX(Settings!$F$12:$F$41,MATCH($B102,Settings!$A$12:$A$41,0)),0),0) -> 0 | AB102: =IF(S102=1,IFERROR(INDEX(Settings!$G$12:$G$41,MATCH($B102,Settings!$A$12:$A$41,0)),0),0) -> 1 | AC102: =IF(S102=1,SUMIFS($X$2:$X$601,$S$2:$S$601,1,$T$2:$T$601,T102),"") -> 72.78 | AD102: =IF(S102=1,SUMIFS($N$2:$N$601,$S$2:$S$601,1,$T$2:$T$601,T102,$B$2:$B$601,B102),"") -> 1 | AE102: =IF(S102=1,SUMIFS($N$2:$N$601,$S$2:$S$601,1,$T$2:$T$601,T102,$Z$2:$Z$601,"Y"),"") -> 8.07 | AF102: =IF(S102=1,SUMPRODUCT(($S$2:$S$601=1)*($T$2:$T$601=T102)*($Z$2:$Z$601="Y")*($N$2:$N$601)*($AB$2:$AB$601)),"") -> 8.07 | AG102: =IF(AND(S102=1,Z102="Y"),IF(Settings!$B$6="Percentage",IF(AD102=0,0,AC102*AA102*(N102/AD102)),IF(Settings!$B$6="Points",IF(AF102=0,0,AC102*(N102*AB102)/AF102),IF(Settings!$B$6="Equally",IF(AE102=0,0,AC102*N102/AE102),0))),0) -> 0 | AH102: =IF(S102=1,Y102+AG102,"") -> 0 | AI102: =IF(S102=1,IF(COUNTIFS($R$2:R102,R102,$S$2:S102,1)=1,1,0),0) -> 0 | AJ102: =SUM($AI$2:AI102) -> 12
B103: Kiosk | D103: 46283 | N103: 1 | P103: 5.97 | R103: =IF(A103<>"",IF(A103="Total","",A103),IF(D103<>"",R102,"")) -> R-Kiosk | S103: =IF(AND(D103<>"",A103<>"Total"),1,0) -> 1 | T103: =IF(S103=1, DATE(YEAR(Settings!$B$3), MONTH(D103), DAY(D103)), "") -> 46283 | U103: =IF(S103=1,IFERROR(INDEX(Settings!$B$12:$B$41,MATCH($B103,Settings!$A$12:$A$41,0)),"N"),"") -> Y | V103: =IF(S103=1,IFERROR(INDEX(Settings!$C$12:$C$41,MATCH($B103,Settings!$A$12:$A$41,0)),""),"") -> % of Tips | W103: =IF(S103=1,IFERROR(INDEX(Settings!$D$12:$D$41,MATCH($B103,Settings!$A$12:$A$41,0)),0),0) -> 1 | X103: =IF(AND(S103=1,U103="Y"),IF(V103="% of Sales",O103*W103,IF(V103="% of Tips",P103*W103,0)),0) -> 5.97 | Y103: =IF(S103=1,P103-X103,"") -> 0 | Z103: =IF(S103=1,IFERROR(INDEX(Settings!$E$12:$E$41,MATCH($B103,Settings!$A$12:$A$41,0)),"N"),"") -> N | AA103: =IF(S103=1,IFERROR(INDEX(Settings!$F$12:$F$41,MATCH($B103,Settings!$A$12:$A$41,0)),0),0) -> 0 | AB103: =IF(S103=1,IFERROR(INDEX(Settings!$G$12:$G$41,MATCH($B103,Settings!$A$12:$A$41,0)),0),0) -> 1 | AC103: =IF(S103=1,SUMIFS($X$2:$X$601,$S$2:$S$601,1,$T$2:$T$601,T103),"") -> 84.09 | AD103: =IF(S103=1,SUMIFS($N$2:$N$601,$S$2:$S$601,1,$T$2:$T$601,T103,$B$2:$B$601,B103),"") -> 1 | AE103: =IF(S103=1,SUMIFS($N$2:$N$601,$S$2:$S$601,1,$T$2:$T$601,T103,$Z$2:$Z$601,"Y"),"") -> 12.5 | AF103: =IF(S103=1,SUMPRODUCT(($S$2:$S$601=1)*($T$2:$T$601=T103)*($Z$2:$Z$601="Y")*($N$2:$N$601)*($AB$2:$AB$601)),"") -> 12.5 | AG103: =IF(AND(S103=1,Z103="Y"),IF(Settings!$B$6="Percentage",IF(AD103=0,0,AC103*AA103*(N103/AD103)),IF(Settings!$B$6="Points",IF(AF103=0,0,AC103*(N103*AB103)/AF103),IF(Settings!$B$6="Equally",IF(AE103=0,0,AC103*N103/AE103),0))),0) -> 0 | AH103: =IF(S103=1,Y103+AG103,"") -> 0 | AI103: =IF(S103=1,IF(COUNTIFS($R$2:R103,R103,$S$2:S103,1)=1,1,0),0) -> 0 | AJ103: =SUM($AI$2:AI103) -> 12
...

Sheet Pool by Date
A1: Date | B1: Total Pool (Contributions) | C1: Total Distributed | D1: Difference | E1: Recipient Hours That Day | F1: Note
A2: =Settings!$B$3 -> 46272 | B2: =IF($A2="","",SUMIFS('Time Card Data'!$X$2:$X$601,'Time Card Data'!$S$2:$S$601,1,'Time Card Data'!$T$2:$T$601,$A2)) -> 303.99 | C2: =IF($A2="","",SUMIFS('Time Card Data'!$AG$2:$AG$601,'Time Card Data'!$S$2:$S$601,1,'Time Card Data'!$T$2:$T$601,$A2)) -> 303.99 | D2: =IF($A2="","",B2-C2) -> 0 | E2: =IF($A2="","",SUMIFS('Time Card Data'!$N$2:$N$601,'Time Card Data'!$S$2:$S$601,1,'Time Card Data'!$T$2:$T$601,$A2,'Time Card Data'!$Z$2:$Z$601,"Y")) -> 25.3 | F2: =IF(AND($A2<>"",D2<>0),"Not fully distributed - check Distribution % for roles with 0 hours this day","")
A3: =IF(A2="","",IF((A2-Settings!$B$3+1)<Settings!$B$4,A2+1,"")) -> 46273 | B3: =IF($A3="","",SUMIFS('Time Card Data'!$X$2:$X$601,'Time Card Data'!$S$2:$S$601,1,'Time Card Data'!$T$2:$T$601,$A3)) -> 0 | C3: =IF($A3="","",SUMIFS('Time Card Data'!$AG$2:$AG$601,'Time Card Data'!$S$2:$S$601,1,'Time Card Data'!$T$2:$T$601,$A3)) -> 0 | D3: =IF($A3="","",B3-C3) -> 0 | E3: =IF($A3="","",SUMIFS('Time Card Data'!$N$2:$N$601,'Time Card Data'!$S$2:$S$601,1,'Time Card Data'!$T$2:$T$601,$A3,'Time Card Data'!$Z$2:$Z$601,"Y")) -> 0 | F3: =IF(AND($A3<>"",D3<>0),"Not fully distributed - check Distribution % for roles with 0 hours this day","")
A4: =IF(A3="","",IF((A3-Settings!$B$3+1)<Settings!$B$4,A3+1,"")) -> 46274 | B4: =IF($A4="","",SUMIFS('Time Card Data'!$X$2:$X$601,'Time Card Data'!$S$2:$S$601,1,'Time Card Data'!$T$2:$T$601,$A4)) -> 104.42 | C4: =IF($A4="","",SUMIFS('Time Card Data'!$AG$2:$AG$601,'Time Card Data'!$S$2:$S$601,1,'Time Card Data'!$T$2:$T$601,$A4)) -> 104.42 | D4: =IF($A4="","",B4-C4) -> 0 | E4: =IF($A4="","",SUMIFS('Time Card Data'!$N$2:$N$601,'Time Card Data'!$S$2:$S$601,1,'Time Card Data'!$T$2:$T$601,$A4,'Time Card Data'!$Z$2:$Z$601,"Y")) -> 10.98 | F4: =IF(AND($A4<>"",D4<>0),"Not fully distributed - check Distribution % for roles with 0 hours this day","")
A5: =IF(A4="","",IF((A4-Settings!$B$3+1)<Settings!$B$4,A4+1,"")) -> 46275 | B5: =IF($A5="","",SUMIFS('Time Card Data'!$X$2:$X$601,'Time Card Data'!$S$2:$S$601,1,'Time Card Data'!$T$2:$T$601,$A5)) -> 54.83 | C5: =IF($A5="","",SUMIFS('Time Card Data'!$AG$2:$AG$601,'Time Card Data'!$S$2:$S$601,1,'Time Card Data'!$T$2:$T$601,$A5)) -> 54.83 | D5: =IF($A5="","",B5-C5) -> 0 | E5: =IF($A5="","",SUMIFS('Time Card Data'!$N$2:$N$601,'Time Card Data'!$S$2:$S$601,1,'Time Card Data'!$T$2:$T$601,$A5,'Time Card Data'!$Z$2:$Z$601,"Y")) -> 6.79 | F5: =IF(AND($A5<>"",D5<>0),"Not fully distributed - check Distribution % for roles with 0 hours this day","")
A6: =IF(A5="","",IF((A5-Settings!$B$3+1)<Settings!$B$4,A5+1,"")) -> 46276 | B6: =IF($A6="","",SUMIFS('Time Card Data'!$X$2:$X$601,'Time Card Data'!$S$2:$S$601,1,'Time Card Data'!$T$2:$T$601,$A6)) -> 87.71 | C6: =IF($A6="","",SUMIFS('Time Card Data'!$AG$2:$AG$601,'Time Card Data'!$S$2:$S$601,1,'Time Card Data'!$T$2:$T$601,$A6)) -> 87.71 | D6: =IF($A6="","",B6-C6) -> 0 | E6: =IF($A6="","",SUMIFS('Time Card Data'!$N$2:$N$601,'Time Card Data'!$S$2:$S$601,1,'Time Card Data'!$T$2:$T$601,$A6,'Time Card Data'!$Z$2:$Z$601,"Y")) -> 15.74 | F6: =IF(AND($A6<>"",D6<>0),"Not fully distributed - check Distribution % for roles with 0 hours this day","")
A7: =IF(A6="","",IF((A6-Settings!$B$3+1)<Settings!$B$4,A6+1,"")) -> 46277 | B7: =IF($A7="","",SUMIFS('Time Card Data'!$X$2:$X$601,'Time Card Data'!$S$2:$S$601,1,'Time Card Data'!$T$2:$T$601,$A7)) -> 220.79 | C7: =IF($A7="","",SUMIFS('Time Card Data'!$AG$2:$AG$601,'Time Card Data'!$S$2:$S$601,1,'Time Card Data'!$T$2:$T$601,$A7)) -> 220.79 | D7: =IF($A7="","",B7-C7) -> 0 | E7: =IF($A7="","",SUMIFS('Time Card Data'!$N$2:$N$601,'Time Card Data'!$S$2:$S$601,1,'Time Card Data'!$T$2:$T$601,$A7,'Time Card Data'!$Z$2:$Z$601,"Y")) -> 24.11 | F7: =IF(AND($A7<>"",D7<>0),"Not fully distributed - check Distribution % for roles with 0 hours this day","")
A8: =IF(A7="","",IF((A7-Settings!$B$3+1)<Settings!$B$4,A7+1,"")) -> 46278 | B8: =IF($A8="","",SUMIFS('Time Card Data'!$X$2:$X$601,'Time Card Data'!$S$2:$S$601,1,'Time Card Data'!$T$2:$T$601,$A8)) -> 242.76 | C8: =IF($A8="","",SUMIFS('Time Card Data'!$AG$2:$AG$601,'Time Card Data'!$S$2:$S$601,1,'Time Card Data'!$T$2:$T$601,$A8)) -> 242.76 | D8: =IF($A8="","",B8-C8) -> 0 | E8: =IF($A8="","",SUMIFS('Time Card Data'!$N$2:$N$601,'Time Card Data'!$S$2:$S$601,1,'Time Card Data'!$T$2:$T$601,$A8,'Time Card Data'!$Z$2:$Z$601,"Y")) -> 20.37 | F8: =IF(AND($A8<>"",D8<>0),"Not fully distributed - check Distribution % for roles with 0 hours this day","")
A9: =IF(A8="","",IF((A8-Settings!$B$3+1)<Settings!$B$4,A8+1,"")) -> 46279 | B9: =IF($A9="","",SUMIFS('Time Card Data'!$X$2:$X$601,'Time Card Data'!$S$2:$S$601,1,'Time Card Data'!$T$2:$T$601,$A9)) -> 80.03 | C9: =IF($A9="","",SUMIFS('Time Card Data'!$AG$2:$AG$601,'Time Card Data'!$S$2:$S$601,1,'Time Card Data'!$T$2:$T$601,$A9)) -> 80.03 | D9: =IF($A9="","",B9-C9) -> 1.4210855e-14 | E9: =IF($A9="","",SUMIFS('Time Card Data'!$N$2:$N$601,'Time Card Data'!$S$2:$S$601,1,'Time Card Data'!$T$2:$T$601,$A9,'Time Card Data'!$Z$2:$Z$601,"Y")) -> 7.23 | F9: =IF(AND($A9<>"",D9<>0),"Not fully distributed - check Distribution % for roles with 0 hours this day","") -> Not fully distributed - check Distribution % for roles with 0 hours this day
A10: =IF(A9="","",IF((A9-Settings!$B$3+1)<Settings!$B$4,A9+1,"")) -> 46280 | B10: =IF($A10="","",SUMIFS('Time Card Data'!$X$2:$X$601,'Time Card Data'!$S$2:$S$601,1,'Time Card Data'!$T$2:$T$601,$A10)) -> 0 | C10: =IF($A10="","",SUMIFS('Time Card Data'!$AG$2:$AG$601,'Time Card Data'!$S$2:$S$601,1,'Time Card Data'!$T$2:$T$601,$A10)) -> 0 | D10: =IF($A10="","",B10-C10) -> 0 | E10: =IF($A10="","",SUMIFS('Time Card Data'!$N$2:$N$601,'Time Card Data'!$S$2:$S$601,1,'Time Card Data'!$T$2:$T$601,$A10,'Time Card Data'!$Z$2:$Z$601,"Y")) -> 0 | F10: =IF(AND($A10<>"",D10<>0),"Not fully distributed - check Distribution % for roles with 0 hours this day","")
A11: =IF(A10="","",IF((A10-Settings!$B$3+1)<Settings!$B$4,A10+1,"")) -> 46281 | B11: =IF($A11="","",SUMIFS('Time Card Data'!$X$2:$X$601,'Time Card Data'!$S$2:$S$601,1,'Time Card Data'!$T$2:$T$601,$A11)) -> 81.58 | C11: =IF($A11="","",SUMIFS('Time Card Data'!$AG$2:$AG$601,'Time Card Data'!$S$2:$S$601,1,'Time Card Data'!$T$2:$T$601,$A11)) -> 81.58 | D11: =IF($A11="","",B11-C11) -> -1.4210855e-14 | E11: =IF($A11="","",SUMIFS('Time Card Data'!$N$2:$N$601,'Time Card Data'!$S$2:$S$601,1,'Time Card Data'!$T$2:$T$601,$A11,'Time Card Data'!$Z$2:$Z$601,"Y")) -> 8.65 | F11: =IF(AND($A11<>"",D11<>0),"Not fully distributed - check Distribution % for roles with 0 hours this day","") -> Not fully distributed - check Distribution % for roles with 0 hours this day
A12: =IF(A11="","",IF((A11-Settings!$B$3+1)<Settings!$B$4,A11+1,"")) -> 46282 | B12: =IF($A12="","",SUMIFS('Time Card Data'!$X$2:$X$601,'Time Card Data'!$S$2:$S$601,1,'Time Card Data'!$T$2:$T$601,$A12)) -> 72.78 | C12: =IF($A12="","",SUMIFS('Time Card Data'!$AG$2:$AG$601,'Time Card Data'!$S$2:$S$601,1,'Time Card Data'!$T$2:$T$601,$A12)) -> 72.78 | D12: =IF($A12="","",B12-C12) -> 0 | E12: =IF($A12="","",SUMIFS('Time Card Data'!$N$2:$N$601,'Time Card Data'!$S$2:$S$601,1,'Time Card Data'!$T$2:$T$601,$A12,'Time Card Data'!$Z$2:$Z$601,"Y")) -> 8.07 | F12: =IF(AND($A12<>"",D12<>0),"Not fully distributed - check Distribution % for roles with 0 hours this day","")
A13: =IF(A12="","",IF((A12-Settings!$B$3+1)<Settings!$B$4,A12+1,"")) -> 46283 | B13: =IF($A13="","",SUMIFS('Time Card Data'!$X$2:$X$601,'Time Card Data'!$S$2:$S$601,1,'Time Card Data'!$T$2:$T$601,$A13)) -> 84.09 | C13: =IF($A13="","",SUMIFS('Time Card Data'!$AG$2:$AG$601,'Time Card Data'!$S$2:$S$601,1,'Time Card Data'!$T$2:$T$601,$A13)) -> 84.09 | D13: =IF($A13="","",B13-C13) -> 0 | E13: =IF($A13="","",SUMIFS('Time Card Data'!$N$2:$N$601,'Time Card Data'!$S$2:$S$601,1,'Time Card Data'!$T$2:$T$601,$A13,'Time Card Data'!$Z$2:$Z$601,"Y")) -> 12.5 | F13: =IF(AND($A13<>"",D13<>0),"Not fully distributed - check Distribution % for roles with 0 hours this day","")
A14: =IF(A13="","",IF((A13-Settings!$B$3+1)<Settings!$B$4,A13+1,"")) -> 46284 | B14: =IF($A14="","",SUMIFS('Time Card Data'!$X$2:$X$601,'Time Card Data'!$S$2:$S$601,1,'Time Card Data'!$T$2:$T$601,$A14)) -> 190.57 | C14: =IF($A14="","",SUMIFS('Time Card Data'!$AG$2:$AG$601,'Time Card Data'!$S$2:$S$601,1,'Time Card Data'!$T$2:$T$601,$A14)) -> 190.57 | D14: =IF($A14="","",B14-C14) -> 0 | E14: =IF($A14="","",SUMIFS('Time Card Data'!$N$2:$N$601,'Time Card Data'!$S$2:$S$601,1,'Time Card Data'!$T$2:$T$601,$A14,'Time Card Data'!$Z$2:$Z$601,"Y")) -> 28 | F14: =IF(AND($A14<>"",D14<>0),"Not fully distributed - check Distribution % for roles with 0 hours this day","")
... A46: =IF(A45="","",IF((A45-Settings!$B$3+1)<Settings!$B$4,A45+1,"")) | B46: =IF($A46="","",SUMIFS('Time Card Data'!$X$2:$X$601,'Time Card Data'!$S$2:$S$601,1,'Time Card Data'!$T$2:$T$601,$A46)) | C46: =IF($A46="","",SUMIFS('Time Card Data'!$AG$2:$AG$601,'Time Card Data'!$S$2:$S$601,1,'Time Card Data'!$T$2:$T$601,$A46)) | D46: =IF($A46="","",B46-C46) | E46: =IF($A46="","",SUMIFS('Time Card Data'!$N$2:$N$601,'Time Card Data'!$S$2:$S$601,1,'Time Card Data'!$T$2:$T$601,$A46,'Time Card Data'!$Z$2:$Z$601,"Y")) | F46: =IF(AND($A46<>"",D46<>0),"Not fully distributed - check Distribution % for roles with 0 hours this day","")
A48: TOTAL | B48: =SUM(B2:B46) -> 1670.05 | C48: =SUM(C2:C46) -> 1670.05 | D48: =SUM(D2:D46) -> 0

Sheet Employee Totals
A1: # | B1: Employee | C1: Role | D1: Total Hours | E1: Total Net Sales | F1: Total Tips (raw) | G1: Total Contribution | H1: Total Kept Tips | I1: Total Pool Received | J1: Total Payout
A2: 1 | B2: =IFERROR(INDEX('Time Card Data'!$R$2:$R$601,MATCH(A2,'Time Card Data'!$AJ$2:$AJ$601,0)),"") -> Scott Okano | C2: =IF($B2="","",IFERROR(INDEX('Time Card Data'!$B$2:$B$601,MATCH($B2,'Time Card Data'!$R$2:$R$601,0)),"")) -> Barista | D2: =IF($B2="","",SUMIFS('Time Card Data'!$N$2:$N$601,'Time Card Data'!$R$2:$R$601,$B2,'Time Card Data'!$S$2:$S$601,1)) -> 41.08 | E2: =IF($B2="","",SUMIFS('Time Card Data'!$O$2:$O$601,'Time Card Data'!$R$2:$R$601,$B2,'Time Card Data'!$S$2:$S$601,1)) -> 3148.19 | F2: =IF($B2="","",SUMIFS('Time Card Data'!$P$2:$P$601,'Time Card Data'!$R$2:$R$601,$B2,'Time Card Data'!$S$2:$S$601,1)) -> 244.41 | G2: =IF($B2="","",SUMIFS('Time Card Data'!$X$2:$X$601,'Time Card Data'!$R$2:$R$601,$B2,'Time Card Data'!$S$2:$S$601,1)) -> 0 | H2: =IF($B2="","",SUMIFS('Time Card Data'!$Y$2:$Y$601,'Time Card Data'!$R$2:$R$601,$B2,'Time Card Data'!$S$2:$S$601,1)) -> 244.41 | I2: =IF($B2="","",SUMIFS('Time Card Data'!$AG$2:$AG$601,'Time Card Data'!$R$2:$R$601,$B2,'Time Card Data'!$S$2:$S$601,1)) -> 367.9364 | J2: =IF($B2="","",H2+I2) -> 612.3464
A3: 2 | B3: =IFERROR(INDEX('Time Card Data'!$R$2:$R$601,MATCH(A3,'Time Card Data'!$AJ$2:$AJ$601,0)),"") -> Shamira Tesorero | C3: =IF($B3="","",IFERROR(INDEX('Time Card Data'!$B$2:$B$601,MATCH($B3,'Time Card Data'!$R$2:$R$601,0)),"")) -> Barista | D3: =IF($B3="","",SUMIFS('Time Card Data'!$N$2:$N$601,'Time Card Data'!$R$2:$R$601,$B3,'Time Card Data'!$S$2:$S$601,1)) -> 18.13 | E3: =IF($B3="","",SUMIFS('Time Card Data'!$O$2:$O$601,'Time Card Data'!$R$2:$R$601,$B3,'Time Card Data'!$S$2:$S$601,1)) -> 2769.05 | F3: =IF($B3="","",SUMIFS('Time Card Data'!$P$2:$P$601,'Time Card Data'!$R$2:$R$601,$B3,'Time Card Data'!$S$2:$S$601,1)) -> 226.56 | G3: =IF($B3="","",SUMIFS('Time Card Data'!$X$2:$X$601,'Time Card Data'!$R$2:$R$601,$B3,'Time Card Data'!$S$2:$S$601,1)) -> 0 | H3: =IF($B3="","",SUMIFS('Time Card Data'!$Y$2:$Y$601,'Time Card Data'!$R$2:$R$601,$B3,'Time Card Data'!$S$2:$S$601,1)) -> 226.56 | I3: =IF($B3="","",SUMIFS('Time Card Data'!$AG$2:$AG$601,'Time Card Data'!$R$2:$R$601,$B3,'Time Card Data'!$S$2:$S$601,1)) -> 154.55823 | J3: =IF($B3="","",H3+I3) -> 381.11823
A4: 3 | B4: =IFERROR(INDEX('Time Card Data'!$R$2:$R$601,MATCH(A4,'Time Card Data'!$AJ$2:$AJ$601,0)),"") -> Tessa Andrascik | C4: =IF($B4="","",IFERROR(INDEX('Time Card Data'!$B$2:$B$601,MATCH($B4,'Time Card Data'!$R$2:$R$601,0)),"")) -> Barista | D4: =IF($B4="","",SUMIFS('Time Card Data'!$N$2:$N$601,'Time Card Data'!$R$2:$R$601,$B4,'Time Card Data'!$S$2:$S$601,1)) -> 7.52 | E4: =IF($B4="","",SUMIFS('Time Card Data'!$O$2:$O$601,'Time Card Data'!$R$2:$R$601,$B4,'Time Card Data'!$S$2:$S$601,1)) -> 785 | F4: =IF($B4="","",SUMIFS('Time Card Data'!$P$2:$P$601,'Time Card Data'!$R$2:$R$601,$B4,'Time Card Data'!$S$2:$S$601,1)) -> 60.47 | G4: =IF($B4="","",SUMIFS('Time Card Data'!$X$2:$X$601,'Time Card Data'!$R$2:$R$601,$B4,'Time Card Data'!$S$2:$S$601,1)) -> 0 | H4: =IF($B4="","",SUMIFS('Time Card Data'!$Y$2:$Y$601,'Time Card Data'!$R$2:$R$601,$B4,'Time Card Data'!$S$2:$S$601,1)) -> 60.47 | I4: =IF($B4="","",SUMIFS('Time Card Data'!$AG$2:$AG$601,'Time Card Data'!$R$2:$R$601,$B4,'Time Card Data'!$S$2:$S$601,1)) -> 59.822835 | J4: =IF($B4="","",H4+I4) -> 120.29284
A5: 4 | B5: =IFERROR(INDEX('Time Card Data'!$R$2:$R$601,MATCH(A5,'Time Card Data'!$AJ$2:$AJ$601,0)),"") -> Anthony Zhang | C5: =IF($B5="","",IFERROR(INDEX('Time Card Data'!$B$2:$B$601,MATCH($B5,'Time Card Data'!$R$2:$R$601,0)),"")) -> Barista | D5: =IF($B5="","",SUMIFS('Time Card Data'!$N$2:$N$601,'Time Card Data'!$R$2:$R$601,$B5,'Time Card Data'!$S$2:$S$601,1)) -> 28.47 | E5: =IF($B5="","",SUMIFS('Time Card Data'!$O$2:$O$601,'Time Card Data'!$R$2:$R$601,$B5,'Time Card Data'!$S$2:$S$601,1)) -> 465.41 | F5: =IF($B5="","",SUMIFS('Time Card Data'!$P$2:$P$601,'Time Card Data'!$R$2:$R$601,$B5,'Time Card Data'!$S$2:$S$601,1)) -> 35.5 | G5: =IF($B5="","",SUMIFS('Time Card Data'!$X$2:$X$601,'Time Card Data'!$R$2:$R$601,$B5,'Time Card Data'!$S$2:$S$601,1)) -> 0 | H5: =IF($B5="","",SUMIFS('Time Card Data'!$Y$2:$Y$601,'Time Card Data'!$R$2:$R$601,$B5,'Time Card Data'!$S$2:$S$601,1)) -> 35.5 | I5: =IF($B5="","",SUMIFS('Time Card Data'!$AG$2:$AG$601,'Time Card Data'!$R$2:$R$601,$B5,'Time Card Data'!$S$2:$S$601,1)) -> 233.00196 | J5: =IF($B5="","",H5+I5) -> 268.50196
A6: 5 | B6: =IFERROR(INDEX('Time Card Data'!$R$2:$R$601,MATCH(A6,'Time Card Data'!$AJ$2:$AJ$601,0)),"") -> Fatimah Mahmoud | C6: =IF($B6="","",IFERROR(INDEX('Time Card Data'!$B$2:$B$601,MATCH($B6,'Time Card Data'!$R$2:$R$601,0)),"")) -> Barista | D6: =IF($B6="","",SUMIFS('Time Card Data'!$N$2:$N$601,'Time Card Data'!$R$2:$R$601,$B6,'Time Card Data'!$S$2:$S$601,1)) -> 10.85 | E6: =IF($B6="","",SUMIFS('Time Card Data'!$O$2:$O$601,'Time Card Data'!$R$2:$R$601,$B6,'Time Card Data'!$S$2:$S$601,1)) -> 733.6 | F6: =IF($B6="","",SUMIFS('Time Card Data'!$P$2:$P$601,'Time Card Data'!$R$2:$R$601,$B6,'Time Card Data'!$S$2:$S$601,1)) -> 60.27 | G6: =IF($B6="","",SUMIFS('Time Card Data'!$X$2:$X$601,'Time Card Data'!$R$2:$R$601,$B6,'Time Card Data'!$S$2:$S$601,1)) -> 0 | H6: =IF($B6="","",SUMIFS('Time Card Data'!$Y$2:$Y$601,'Time Card Data'!$R$2:$R$601,$B6,'Time Card Data'!$S$2:$S$601,1)) -> 60.27 | I6: =IF($B6="","",SUMIFS('Time Card Data'!$AG$2:$AG$601,'Time Card Data'!$R$2:$R$601,$B6,'Time Card Data'!$S$2:$S$601,1)) -> 129.83571 | J6: =IF($B6="","",H6+I6) -> 190.10571
A7: 6 | B7: =IFERROR(INDEX('Time Card Data'!$R$2:$R$601,MATCH(A7,'Time Card Data'!$AJ$2:$AJ$601,0)),"") -> Ryan Chan | C7: =IF($B7="","",IFERROR(INDEX('Time Card Data'!$B$2:$B$601,MATCH($B7,'Time Card Data'!$R$2:$R$601,0)),"")) -> Barista | D7: =IF($B7="","",SUMIFS('Time Card Data'!$N$2:$N$601,'Time Card Data'!$R$2:$R$601,$B7,'Time Card Data'!$S$2:$S$601,1)) -> 46.11 | E7: =IF($B7="","",SUMIFS('Time Card Data'!$O$2:$O$601,'Time Card Data'!$R$2:$R$601,$B7,'Time Card Data'!$S$2:$S$601,1)) -> 2922.13 | F7: =IF($B7="","",SUMIFS('Time Card Data'!$P$2:$P$601,'Time Card Data'!$R$2:$R$601,$B7,'Time Card Data'!$S$2:$S$601,1)) -> 205.17 | G7: =IF($B7="","",SUMIFS('Time Card Data'!$X$2:$X$601,'Time Card Data'!$R$2:$R$601,$B7,'Time Card Data'!$S$2:$S$601,1)) -> 0 | H7: =IF($B7="","",SUMIFS('Time Card Data'!$Y$2:$Y$601,'Time Card Data'!$R$2:$R$601,$B7,'Time Card Data'!$S$2:$S$601,1)) -> 205.17 | I7: =IF($B7="","",SUMIFS('Time Card Data'!$AG$2:$AG$601,'Time Card Data'!$R$2:$R$601,$B7,'Time Card Data'!$S$2:$S$601,1)) -> 389.48728 | J7: =IF($B7="","",H7+I7) -> 594.65728
A8: 7 | B8: =IFERROR(INDEX('Time Card Data'!$R$2:$R$601,MATCH(A8,'Time Card Data'!$AJ$2:$AJ$601,0)),"") -> Xiao Lan Wen | C8: =IF($B8="","",IFERROR(INDEX('Time Card Data'!$B$2:$B$601,MATCH($B8,'Time Card Data'!$R$2:$R$601,0)),"")) -> Barista | D8: =IF($B8="","",SUMIFS('Time Card Data'!$N$2:$N$601,'Time Card Data'!$R$2:$R$601,$B8,'Time Card Data'!$S$2:$S$601,1)) -> 10.76 | E8: =IF($B8="","",SUMIFS('Time Card Data'!$O$2:$O$601,'Time Card Data'!$R$2:$R$601,$B8,'Time Card Data'!$S$2:$S$601,1)) -> 0 | F8: =IF($B8="","",SUMIFS('Time Card Data'!$P$2:$P$601,'Time Card Data'!$R$2:$R$601,$B8,'Time Card Data'!$S$2:$S$601,1)) -> 0 | G8: =IF($B8="","",SUMIFS('Time Card Data'!$X$2:$X$601,'Time Card Data'!$R$2:$R$601,$B8,'Time Card Data'!$S$2:$S$601,1)) -> 0 | H8: =IF($B8="","",SUMIFS('Time Card Data'!$Y$2:$Y$601,'Time Card Data'!$R$2:$R$601,$B8,'Time Card Data'!$S$2:$S$601,1)) -> 0 | I8: =IF($B8="","",SUMIFS('Time Card Data'!$AG$2:$AG$601,'Time Card Data'!$R$2:$R$601,$B8,'Time Card Data'!$S$2:$S$601,1)) -> 85.038057 | J8: =IF($B8="","",H8+I8) -> 85.038057
